D_INTERVIEW,Q131,Q138,Q260,Q262
702070001.0,2.0,4.0,2.0,37.0
702070002.0,2.0,4.0,2.0,42.0
702070003.0,2.0,3.0,1.0,28.0
702070004.0,2.0,3.0,2.0,30.0
702070005.0,1.0,4.0,2.0,32.0
702070006.0,1.0,4.0,2.0,53.0
702070007.0,2.0,4.0,2.0,73.0
702070008.0,1.0,4.0,1.0,41.0
702070009.0,2.0,3.0,1.0,31.0
702070010.0,2.0,4.0,2.0,57.0
702070011.0,1.0,3.0,2.0,57.0
702070012.0,1.0,3.0,2.0,41.0
702070013.0,2.0,3.0,2.0,66.0
702070014.0,1.0,4.0,2.0,65.0
702070015.0,2.0,4.0,1.0,68.0
702070016.0,1.0,4.0,1.0,71.0
702070017.0,2.0,3.0,1.0,68.0
702070018.0,2.0,4.0,2.0,85.0
702070019.0,2.0,4.0,2.0,45.0
702070020.0,2.0,3.0,1.0,51.0
702070021.0,2.0,3.0,1.0,64.0
702070022.0,1.0,4.0,1.0,23.0
702070023.0,2.0,3.0,2.0,70.0
702070024.0,2.0,4.0,2.0,69.0
702070025.0,2.0,4.0,1.0,61.0
702070026.0,2.0,4.0,2.0,69.0
702070027.0,1.0,4.0,2.0,31.0
702070028.0,2.0,4.0,1.0,38.0
702070029.0,2.0,4.0,1.0,57.0
702070030.0,2.0,4.0,2.0,53.0
702070031.0,2.0,4.0,2.0,62.0
702070032.0,2.0,4.0,1.0,36.0
702070033.0,2.0,3.0,2.0,52.0
702070034.0,2.0,4.0,1.0,65.0
702070035.0,2.0,4.0,1.0,60.0
702070036.0,2.0,3.0,2.0,42.0
702070037.0,2.0,3.0,2.0,60.0
702070038.0,2.0,4.0,2.0,63.0
702070039.0,2.0,3.0,1.0,41.0
702070040.0,2.0,4.0,1.0,61.0
702070041.0,2.0,3.0,1.0,74.0
702070042.0,2.0,4.0,2.0,71.0
702070043.0,2.0,4.0,2.0,70.0
702070044.0,3.0,4.0,2.0,81.0
702070045.0,2.0,2.0,2.0,59.0
702070046.0,2.0,4.0,1.0,33.0
702070047.0,2.0,3.0,2.0,44.0
702070048.0,3.0,2.0,2.0,48.0
702070049.0,3.0,1.0,2.0,45.0
702070050.0,2.0,3.0,2.0,43.0
702070051.0,1.0,4.0,2.0,54.0
702070052.0,1.0,3.0,1.0,54.0
702070053.0,2.0,4.0,1.0,73.0
702070054.0,1.0,4.0,2.0,71.0
702070055.0,2.0,3.0,1.0,33.0
702070056.0,1.0,4.0,1.0,53.0
702070057.0,2.0,4.0,1.0,43.0
702070058.0,1.0,4.0,2.0,22.0
702070059.0,3.0,2.0,1.0,32.0
702070060.0,2.0,4.0,1.0,76.0
702070061.0,3.0,4.0,2.0,71.0
702070062.0,1.0,4.0,1.0,45.0
702070063.0,1.0,4.0,1.0,26.0
702070064.0,2.0,4.0,1.0,70.0
702070065.0,2.0,4.0,2.0,32.0
702070066.0,2.0,4.0,1.0,66.0
702070067.0,2.0,4.0,2.0,69.0
702070068.0,2.0,3.0,1.0,63.0
702070069.0,1.0,3.0,2.0,50.0
702070070.0,1.0,3.0,1.0,31.0
702070071.0,1.0,4.0,2.0,31.0
702070072.0,2.0,4.0,2.0,75.0
702070073.0,1.0,4.0,1.0,60.0
702070074.0,2.0,4.0,2.0,58.0
702070075.0,1.0,2.0,1.0,23.0
702070076.0,2.0,4.0,2.0,54.0
702070077.0,3.0,4.0,2.0,41.0
702070078.0,1.0,3.0,1.0,25.0
702070079.0,1.0,3.0,2.0,55.0
702070080.0,2.0,3.0,1.0,47.0
702070081.0,2.0,4.0,1.0,60.0
702070082.0,1.0,4.0,1.0,65.0
702070083.0,2.0,4.0,1.0,59.0
702070084.0,2.0,4.0,1.0,38.0
702070085.0,1.0,4.0,1.0,44.0
702070086.0,1.0,3.0,2.0,39.0
702070087.0,2.0,4.0,1.0,46.0
702070088.0,1.0,4.0,2.0,25.0
702070089.0,2.0,4.0,2.0,55.0
702070090.0,2.0,4.0,2.0,53.0
702070091.0,1.0,3.0,2.0,66.0
702070092.0,2.0,4.0,2.0,51.0
702070093.0,2.0,3.0,1.0,22.0
702070094.0,2.0,4.0,2.0,59.0
702070095.0,2.0,4.0,2.0,56.0
702070096.0,3.0,4.0,1.0,63.0
702070097.0,1.0,4.0,2.0,51.0
702070098.0,2.0,4.0,2.0,42.0
702070099.0,1.0,4.0,1.0,80.0
702070100.0,1.0,4.0,1.0,55.0
702070101.0,1.0,4.0,2.0,66.0
702070102.0,1.0,4.0,1.0,80.0
702070103.0,1.0,4.0,1.0,57.0
702070104.0,2.0,2.0,2.0,29.0
702070105.0,2.0,4.0,1.0,21.0
702070106.0,2.0,3.0,1.0,44.0
702070107.0,1.0,4.0,1.0,25.0
702070108.0,1.0,4.0,2.0,53.0
702070109.0,1.0,4.0,2.0,31.0
702070110.0,1.0,4.0,2.0,28.0
702070111.0,2.0,3.0,2.0,24.0
702070112.0,3.0,3.0,1.0,31.0
702070113.0,2.0,3.0,2.0,58.0
702070114.0,1.0,4.0,1.0,22.0
702070115.0,2.0,4.0,1.0,56.0
702070116.0,2.0,3.0,2.0,77.0
702070117.0,2.0,4.0,1.0,61.0
702070118.0,1.0,4.0,2.0,49.0
702070119.0,1.0,4.0,2.0,38.0
702070120.0,2.0,4.0,2.0,55.0
702070121.0,3.0,3.0,1.0,46.0
702070122.0,2.0,4.0,2.0,49.0
702070123.0,2.0,4.0,2.0,76.0
702070124.0,3.0,3.0,2.0,49.0
702070125.0,2.0,4.0,2.0,23.0
702070126.0,2.0,4.0,1.0,29.0
702070127.0,2.0,4.0,2.0,30.0
702070128.0,3.0,3.0,2.0,51.0
702070129.0,1.0,4.0,1.0,50.0
702070130.0,2.0,4.0,1.0,68.0
702070131.0,2.0,3.0,1.0,24.0
702070132.0,2.0,4.0,2.0,48.0
702070133.0,2.0,3.0,2.0,64.0
702070134.0,1.0,3.0,2.0,36.0
702070135.0,2.0,4.0,1.0,25.0
702070136.0,1.0,4.0,2.0,53.0
702070137.0,1.0,3.0,2.0,39.0
702070138.0,2.0,2.0,1.0,62.0
702070139.0,2.0,4.0,1.0,29.0
702070140.0,2.0,4.0,2.0,45.0
702070141.0,1.0,4.0,2.0,32.0
702070142.0,2.0,3.0,2.0,23.0
702070143.0,2.0,4.0,2.0,38.0
702070144.0,3.0,4.0,2.0,51.0
702070145.0,2.0,4.0,1.0,51.0
702070146.0,1.0,3.0,1.0,43.0
702070147.0,1.0,4.0,2.0,73.0
702070148.0,2.0,3.0,2.0,62.0
702070149.0,1.0,3.0,2.0,42.0
702070150.0,2.0,4.0,2.0,70.0
702070151.0,2.0,4.0,2.0,76.0
702070152.0,2.0,3.0,1.0,51.0
702070153.0,2.0,4.0,2.0,62.0
702070154.0,2.0,3.0,1.0,30.0
702070155.0,2.0,4.0,2.0,24.0
702070156.0,1.0,4.0,1.0,52.0
702070157.0,3.0,3.0,2.0,57.0
702070158.0,1.0,4.0,2.0,73.0
702070159.0,1.0,4.0,1.0,36.0
702070160.0,3.0,3.0,2.0,32.0
702070161.0,2.0,3.0,2.0,45.0
702070162.0,3.0,3.0,2.0,44.0
702070163.0,1.0,4.0,2.0,30.0
702070164.0,2.0,4.0,1.0,47.0
702070165.0,2.0,3.0,2.0,36.0
702070166.0,2.0,3.0,1.0,67.0
702070167.0,1.0,4.0,1.0,22.0
702070168.0,1.0,4.0,1.0,38.0
702070169.0,2.0,4.0,1.0,75.0
702070170.0,2.0,4.0,1.0,23.0
702070171.0,2.0,2.0,1.0,45.0
702070172.0,2.0,3.0,2.0,30.0
702070173.0,1.0,3.0,1.0,44.0
702070174.0,1.0,4.0,1.0,63.0
702070175.0,1.0,3.0,2.0,35.0
702070176.0,2.0,3.0,2.0,29.0
702070177.0,1.0,4.0,1.0,48.0
702070178.0,2.0,4.0,1.0,70.0
702070179.0,1.0,3.0,1.0,22.0
702070180.0,1.0,3.0,2.0,23.0
702070181.0,1.0,3.0,2.0,52.0
702070182.0,2.0,3.0,2.0,55.0
702070183.0,2.0,3.0,2.0,49.0
702070184.0,2.0,2.0,2.0,55.0
702070185.0,1.0,4.0,1.0,30.0
702070186.0,2.0,3.0,2.0,25.0
702070187.0,1.0,3.0,1.0,60.0
702070188.0,3.0,4.0,1.0,78.0
702070189.0,2.0,3.0,2.0,48.0
702070190.0,1.0,4.0,1.0,47.0
702070191.0,1.0,3.0,1.0,57.0
702070192.0,2.0,3.0,2.0,23.0
702070193.0,1.0,3.0,2.0,47.0
702070194.0,3.0,4.0,2.0,53.0
702070195.0,3.0,4.0,2.0,43.0
702070196.0,2.0,3.0,1.0,53.0
702070197.0,1.0,4.0,2.0,73.0
702070198.0,2.0,3.0,1.0,33.0
702070199.0,2.0,4.0,2.0,68.0
702070200.0,1.0,3.0,1.0,26.0
702070201.0,3.0,3.0,2.0,38.0
702070202.0,2.0,4.0,2.0,35.0
702070203.0,1.0,4.0,1.0,76.0
702070204.0,2.0,4.0,2.0,42.0
702070205.0,1.0,4.0,1.0,57.0
702070206.0,2.0,3.0,1.0,79.0
702070207.0,2.0,3.0,1.0,52.0
702070208.0,2.0,3.0,1.0,46.0
702070209.0,2.0,3.0,1.0,65.0
702070210.0,1.0,4.0,2.0,63.0
702070211.0,2.0,3.0,2.0,24.0
702070212.0,1.0,3.0,1.0,81.0
702070213.0,2.0,4.0,2.0,62.0
702070214.0,3.0,4.0,1.0,38.0
702070215.0,1.0,4.0,2.0,48.0
702070216.0,2.0,4.0,2.0,56.0
702070217.0,2.0,4.0,2.0,52.0
702070218.0,1.0,3.0,1.0,24.0
702070219.0,1.0,4.0,2.0,36.0
702070220.0,3.0,3.0,2.0,56.0
702070221.0,2.0,4.0,2.0,87.0
702070222.0,2.0,4.0,2.0,43.0
702070223.0,3.0,3.0,2.0,37.0
702070224.0,1.0,4.0,2.0,73.0
702070225.0,1.0,4.0,2.0,46.0
702070226.0,2.0,4.0,2.0,60.0
702070227.0,1.0,3.0,2.0,43.0
702070228.0,2.0,4.0,2.0,47.0
702070229.0,2.0,4.0,1.0,31.0
702070230.0,2.0,4.0,1.0,65.0
702070231.0,2.0,4.0,1.0,23.0
702070232.0,2.0,4.0,2.0,23.0
702070233.0,2.0,4.0,2.0,77.0
702070234.0,2.0,3.0,2.0,56.0
702070235.0,2.0,3.0,1.0,51.0
702070236.0,1.0,-2.0,1.0,60.0
702070237.0,3.0,3.0,1.0,42.0
702070238.0,1.0,4.0,2.0,61.0
702070239.0,1.0,4.0,2.0,55.0
702070240.0,2.0,4.0,2.0,69.0
702070241.0,2.0,4.0,1.0,36.0
702070242.0,1.0,4.0,2.0,42.0
702070243.0,2.0,3.0,2.0,35.0
702070244.0,1.0,1.0,2.0,30.0
702070245.0,2.0,4.0,2.0,55.0
702070246.0,1.0,4.0,1.0,31.0
702070247.0,1.0,3.0,2.0,50.0
702070248.0,1.0,4.0,1.0,83.0
702070249.0,2.0,4.0,2.0,37.0
702070250.0,1.0,3.0,1.0,75.0
702070251.0,1.0,4.0,2.0,65.0
702070252.0,1.0,4.0,1.0,70.0
702070253.0,1.0,4.0,2.0,50.0
702070254.0,2.0,4.0,2.0,54.0
702070255.0,2.0,3.0,1.0,41.0
702070256.0,2.0,3.0,2.0,68.0
702070257.0,4.0,3.0,1.0,50.0
702070258.0,1.0,3.0,1.0,65.0
702070259.0,2.0,3.0,2.0,41.0
702070260.0,2.0,4.0,2.0,56.0
702070261.0,2.0,4.0,2.0,55.0
702070262.0,2.0,3.0,1.0,46.0
702070263.0,1.0,3.0,2.0,50.0
702070264.0,3.0,2.0,2.0,46.0
702070265.0,2.0,4.0,1.0,90.0
702070266.0,2.0,4.0,1.0,27.0
702070267.0,1.0,4.0,1.0,58.0
702070268.0,2.0,4.0,1.0,57.0
702070269.0,2.0,3.0,1.0,35.0
702070270.0,2.0,2.0,1.0,43.0
702070271.0,2.0,3.0,1.0,61.0
702070272.0,2.0,4.0,1.0,54.0
702070273.0,2.0,4.0,2.0,48.0
702070274.0,2.0,4.0,1.0,60.0
702070275.0,2.0,4.0,2.0,24.0
702070276.0,3.0,3.0,2.0,46.0
702070277.0,2.0,4.0,2.0,49.0
702070278.0,2.0,4.0,2.0,67.0
702070279.0,1.0,4.0,2.0,42.0
702070280.0,1.0,4.0,1.0,79.0
702070281.0,1.0,4.0,1.0,34.0
702070282.0,1.0,4.0,2.0,65.0
702070283.0,1.0,4.0,2.0,52.0
702070284.0,2.0,4.0,1.0,52.0
702070285.0,1.0,3.0,1.0,42.0
702070286.0,1.0,4.0,1.0,71.0
702070287.0,1.0,3.0,1.0,32.0
702070288.0,2.0,4.0,1.0,82.0
702070289.0,2.0,4.0,2.0,45.0
702070290.0,2.0,4.0,2.0,57.0
702070291.0,1.0,4.0,2.0,78.0
702070292.0,1.0,4.0,2.0,81.0
702070293.0,1.0,3.0,2.0,46.0
702070294.0,2.0,4.0,2.0,42.0
702070295.0,1.0,4.0,1.0,26.0
702070296.0,1.0,4.0,1.0,49.0
702070297.0,2.0,2.0,2.0,23.0
702070298.0,1.0,4.0,1.0,49.0
702070299.0,2.0,4.0,1.0,36.0
702070300.0,2.0,4.0,2.0,52.0
702070301.0,3.0,3.0,1.0,47.0
702070302.0,3.0,3.0,2.0,27.0
702070303.0,2.0,2.0,2.0,34.0
702070304.0,2.0,4.0,2.0,43.0
702070305.0,2.0,3.0,1.0,36.0
702070306.0,2.0,4.0,1.0,45.0
702070307.0,2.0,4.0,1.0,58.0
702070308.0,1.0,4.0,1.0,55.0
702070309.0,2.0,4.0,1.0,72.0
702070310.0,1.0,4.0,2.0,89.0
702070311.0,1.0,4.0,1.0,22.0
702070312.0,3.0,3.0,1.0,22.0
702070313.0,2.0,4.0,1.0,50.0
702070314.0,1.0,4.0,2.0,33.0
702070315.0,2.0,4.0,1.0,66.0
702070316.0,2.0,4.0,2.0,34.0
702070317.0,2.0,4.0,2.0,43.0
702070318.0,2.0,3.0,2.0,45.0
702070319.0,1.0,4.0,2.0,79.0
702070320.0,2.0,4.0,1.0,53.0
702070321.0,2.0,3.0,2.0,38.0
702070322.0,1.0,4.0,1.0,55.0
702070323.0,1.0,3.0,1.0,51.0
702070324.0,2.0,4.0,1.0,25.0
702070325.0,1.0,4.0,2.0,91.0
702070326.0,2.0,3.0,1.0,47.0
702070327.0,1.0,4.0,1.0,65.0
702070328.0,1.0,4.0,2.0,62.0
702070329.0,2.0,4.0,1.0,59.0
702070330.0,3.0,4.0,1.0,73.0
702070331.0,3.0,4.0,2.0,74.0
702070332.0,2.0,4.0,1.0,54.0
702070333.0,2.0,4.0,2.0,60.0
702070334.0,1.0,4.0,2.0,69.0
702070335.0,2.0,4.0,2.0,70.0
702070336.0,2.0,4.0,2.0,60.0
702070337.0,2.0,4.0,1.0,81.0
702070338.0,2.0,3.0,2.0,50.0
702070339.0,2.0,4.0,1.0,56.0
702070340.0,2.0,3.0,1.0,60.0
702070341.0,2.0,1.0,1.0,29.0
702070342.0,2.0,4.0,1.0,32.0
702070343.0,1.0,3.0,1.0,30.0
702070344.0,2.0,4.0,1.0,55.0
702070345.0,1.0,4.0,1.0,50.0
702070346.0,2.0,4.0,1.0,42.0
702070347.0,2.0,4.0,2.0,42.0
702070348.0,2.0,3.0,2.0,60.0
702070349.0,1.0,3.0,1.0,22.0
702070350.0,2.0,4.0,1.0,56.0
702070351.0,2.0,4.0,1.0,22.0
702070352.0,2.0,4.0,2.0,45.0
702070353.0,2.0,4.0,1.0,34.0
702070354.0,2.0,4.0,1.0,73.0
702070355.0,2.0,3.0,1.0,27.0
702070356.0,2.0,4.0,1.0,49.0
702070357.0,2.0,4.0,2.0,38.0
702070358.0,1.0,3.0,1.0,46.0
702070359.0,1.0,4.0,1.0,74.0
702070360.0,2.0,3.0,2.0,44.0
702070361.0,2.0,4.0,1.0,25.0
702070362.0,2.0,4.0,2.0,70.0
702070363.0,1.0,4.0,2.0,73.0
702070364.0,1.0,4.0,1.0,67.0
702070365.0,2.0,3.0,1.0,54.0
702070366.0,2.0,4.0,1.0,36.0
702070367.0,1.0,4.0,1.0,30.0
702070368.0,2.0,4.0,2.0,39.0
702070369.0,1.0,4.0,2.0,78.0
702070370.0,2.0,4.0,2.0,76.0
702070371.0,2.0,4.0,1.0,58.0
702070372.0,1.0,4.0,2.0,66.0
702070373.0,1.0,4.0,2.0,50.0
702070374.0,2.0,4.0,2.0,61.0
702070375.0,2.0,4.0,1.0,57.0
702070376.0,2.0,4.0,1.0,65.0
702070377.0,1.0,3.0,2.0,49.0
702070378.0,3.0,4.0,1.0,22.0
702070379.0,3.0,3.0,2.0,71.0
702070380.0,2.0,4.0,2.0,66.0
702070381.0,2.0,3.0,2.0,54.0
702070382.0,2.0,4.0,2.0,31.0
702070383.0,1.0,3.0,1.0,54.0
702070384.0,1.0,4.0,2.0,74.0
702070385.0,4.0,4.0,2.0,33.0
702070386.0,2.0,2.0,2.0,22.0
702070387.0,4.0,2.0,1.0,33.0
702070388.0,1.0,4.0,2.0,29.0
702070389.0,2.0,3.0,2.0,56.0
702070390.0,2.0,4.0,1.0,24.0
702070391.0,2.0,4.0,2.0,37.0
702070392.0,2.0,4.0,2.0,73.0
702070393.0,2.0,2.0,1.0,77.0
702070394.0,1.0,-2.0,2.0,44.0
702070395.0,1.0,3.0,2.0,61.0
702070396.0,3.0,4.0,2.0,82.0
702070397.0,3.0,3.0,2.0,49.0
702070398.0,2.0,3.0,2.0,51.0
702070399.0,2.0,4.0,2.0,31.0
702070400.0,2.0,3.0,1.0,24.0
702070401.0,2.0,1.0,2.0,24.0
702070402.0,3.0,4.0,1.0,56.0
702070403.0,2.0,-2.0,2.0,82.0
702070404.0,1.0,4.0,2.0,40.0
702070405.0,1.0,4.0,2.0,70.0
702070406.0,2.0,3.0,1.0,30.0
702070407.0,1.0,4.0,2.0,33.0
702070408.0,2.0,4.0,2.0,50.0
702070409.0,2.0,3.0,2.0,44.0
702070410.0,1.0,4.0,2.0,84.0
702070411.0,1.0,3.0,1.0,42.0
702070412.0,2.0,4.0,1.0,49.0
702070413.0,1.0,4.0,1.0,28.0
702070414.0,2.0,4.0,2.0,52.0
702070415.0,2.0,4.0,1.0,22.0
702070416.0,1.0,4.0,2.0,78.0
702070417.0,2.0,4.0,2.0,84.0
702070418.0,1.0,4.0,2.0,61.0
702070419.0,2.0,4.0,2.0,29.0
702070420.0,2.0,4.0,2.0,62.0
702070421.0,2.0,3.0,2.0,38.0
702070422.0,2.0,4.0,2.0,82.0
702070423.0,3.0,4.0,1.0,30.0
702070424.0,2.0,3.0,1.0,21.0
702070425.0,1.0,4.0,2.0,48.0
702070426.0,2.0,3.0,2.0,59.0
702070427.0,1.0,4.0,1.0,69.0
702070428.0,1.0,3.0,1.0,67.0
702070429.0,2.0,4.0,1.0,33.0
702070430.0,2.0,4.0,1.0,48.0
702070431.0,2.0,3.0,1.0,45.0
702070432.0,2.0,3.0,2.0,37.0
702070433.0,2.0,2.0,1.0,62.0
702070434.0,3.0,4.0,2.0,40.0
702070435.0,3.0,4.0,1.0,42.0
702070436.0,1.0,4.0,1.0,66.0
702070437.0,2.0,4.0,1.0,57.0
702070438.0,1.0,3.0,2.0,53.0
702070439.0,2.0,4.0,2.0,47.0
702070440.0,2.0,3.0,1.0,42.0
702070441.0,2.0,4.0,2.0,60.0
702070442.0,2.0,3.0,2.0,22.0
702070443.0,2.0,4.0,1.0,32.0
702070444.0,3.0,4.0,1.0,54.0
702070445.0,2.0,4.0,2.0,44.0
702070446.0,2.0,4.0,1.0,46.0
702070447.0,2.0,3.0,2.0,45.0
702070448.0,2.0,4.0,2.0,42.0
702070449.0,2.0,3.0,2.0,54.0
702070450.0,1.0,4.0,1.0,31.0
702070451.0,1.0,4.0,1.0,30.0
702070452.0,2.0,4.0,2.0,43.0
702070453.0,2.0,4.0,1.0,54.0
702070454.0,2.0,3.0,2.0,40.0
702070455.0,1.0,4.0,1.0,33.0
702070456.0,2.0,4.0,2.0,32.0
702070457.0,1.0,3.0,1.0,24.0
702070458.0,2.0,3.0,1.0,48.0
702070459.0,2.0,4.0,1.0,65.0
702070460.0,2.0,4.0,2.0,25.0
702070461.0,2.0,4.0,2.0,47.0
702070462.0,2.0,3.0,2.0,58.0
702070463.0,2.0,4.0,2.0,31.0
702070464.0,2.0,3.0,2.0,41.0
702070465.0,2.0,4.0,2.0,49.0
702070466.0,1.0,4.0,2.0,64.0
702070467.0,1.0,3.0,2.0,42.0
702070468.0,1.0,3.0,2.0,58.0
702070469.0,2.0,4.0,1.0,58.0
702070470.0,2.0,4.0,2.0,31.0
702070471.0,1.0,4.0,2.0,68.0
702070472.0,1.0,3.0,1.0,42.0
702070473.0,2.0,4.0,2.0,58.0
702070474.0,1.0,4.0,1.0,47.0
702070475.0,1.0,4.0,1.0,32.0
702070476.0,2.0,4.0,2.0,28.0
702070477.0,1.0,3.0,2.0,35.0
702070478.0,1.0,4.0,2.0,38.0
702070479.0,1.0,4.0,1.0,59.0
702070480.0,2.0,3.0,1.0,23.0
702070481.0,1.0,4.0,1.0,68.0
702070482.0,2.0,4.0,2.0,34.0
702070483.0,2.0,4.0,2.0,47.0
702070484.0,2.0,4.0,1.0,75.0
702070485.0,1.0,4.0,1.0,59.0
702070486.0,1.0,4.0,2.0,70.0
702070487.0,3.0,4.0,2.0,43.0
702070488.0,2.0,2.0,1.0,23.0
702070489.0,2.0,4.0,2.0,41.0
702070490.0,1.0,3.0,2.0,48.0
702070491.0,1.0,4.0,1.0,69.0
702070492.0,2.0,4.0,2.0,26.0
702070493.0,1.0,4.0,1.0,52.0
702070494.0,2.0,3.0,1.0,61.0
702070495.0,2.0,3.0,1.0,52.0
702070496.0,1.0,4.0,1.0,34.0
702070497.0,1.0,4.0,2.0,31.0
702070498.0,1.0,4.0,2.0,72.0
702070499.0,1.0,4.0,2.0,43.0
702070500.0,1.0,4.0,2.0,79.0
702070501.0,1.0,4.0,2.0,58.0
702070502.0,3.0,4.0,1.0,32.0
702070503.0,1.0,4.0,1.0,39.0
702070504.0,2.0,4.0,1.0,25.0
702070505.0,2.0,3.0,1.0,48.0
702070506.0,1.0,4.0,1.0,64.0
702070507.0,2.0,4.0,2.0,63.0
702070508.0,2.0,4.0,2.0,66.0
702070509.0,2.0,4.0,2.0,64.0
702070510.0,2.0,4.0,1.0,66.0
702070511.0,1.0,4.0,1.0,79.0
702070512.0,2.0,4.0,1.0,45.0
702070513.0,2.0,4.0,1.0,31.0
702070514.0,3.0,4.0,2.0,35.0
702070515.0,2.0,3.0,2.0,63.0
702070516.0,2.0,4.0,1.0,57.0
702070517.0,1.0,4.0,2.0,44.0
702070518.0,1.0,4.0,2.0,29.0
702070519.0,3.0,2.0,2.0,53.0
702070520.0,3.0,4.0,2.0,27.0
702070521.0,2.0,4.0,1.0,25.0
702070522.0,1.0,3.0,1.0,36.0
702070523.0,2.0,4.0,1.0,65.0
702070524.0,2.0,2.0,1.0,30.0
702070525.0,1.0,3.0,2.0,34.0
702070526.0,1.0,4.0,1.0,61.0
702070527.0,2.0,3.0,2.0,23.0
702070528.0,2.0,4.0,1.0,48.0
702070529.0,1.0,4.0,1.0,26.0
702070530.0,1.0,4.0,2.0,33.0
702070531.0,1.0,4.0,2.0,51.0
702070532.0,1.0,4.0,1.0,30.0
702070533.0,2.0,4.0,2.0,32.0
702070534.0,2.0,3.0,2.0,38.0
702070535.0,2.0,3.0,1.0,27.0
702070536.0,1.0,4.0,1.0,63.0
702070537.0,1.0,4.0,1.0,24.0
702070538.0,1.0,4.0,1.0,54.0
702070539.0,1.0,4.0,1.0,62.0
702070540.0,1.0,4.0,2.0,69.0
702070541.0,2.0,4.0,1.0,69.0
702070542.0,2.0,1.0,1.0,35.0
702070543.0,1.0,4.0,1.0,74.0
702070544.0,1.0,4.0,1.0,55.0
702070545.0,1.0,4.0,1.0,59.0
702070546.0,1.0,4.0,2.0,57.0
702070547.0,1.0,3.0,2.0,50.0
702070548.0,2.0,4.0,1.0,39.0
702070549.0,1.0,4.0,2.0,78.0
702070550.0,1.0,4.0,2.0,40.0
702070551.0,1.0,4.0,2.0,26.0
702070552.0,1.0,3.0,1.0,45.0
702070553.0,2.0,4.0,1.0,22.0
702070554.0,1.0,4.0,2.0,45.0
702070555.0,1.0,4.0,1.0,54.0
702070556.0,2.0,4.0,2.0,57.0
702070557.0,1.0,4.0,1.0,54.0
702070558.0,1.0,4.0,1.0,61.0
702070559.0,1.0,4.0,2.0,65.0
702070560.0,1.0,4.0,2.0,50.0
702070561.0,2.0,3.0,2.0,47.0
702070562.0,2.0,4.0,2.0,76.0
702070563.0,1.0,4.0,2.0,76.0
702070564.0,1.0,4.0,2.0,75.0
702070565.0,3.0,3.0,2.0,61.0
702070566.0,2.0,4.0,2.0,41.0
702070567.0,1.0,4.0,1.0,39.0
702070568.0,1.0,4.0,1.0,66.0
702070569.0,1.0,4.0,1.0,74.0
702070570.0,2.0,4.0,2.0,39.0
702070571.0,2.0,3.0,1.0,72.0
702070572.0,1.0,3.0,1.0,60.0
702070573.0,2.0,3.0,2.0,30.0
702070574.0,1.0,4.0,1.0,62.0
702070575.0,1.0,4.0,2.0,33.0
702070576.0,2.0,3.0,2.0,61.0
702070577.0,1.0,4.0,2.0,36.0
702070578.0,2.0,4.0,2.0,59.0
702070579.0,1.0,4.0,2.0,26.0
702070580.0,2.0,4.0,1.0,67.0
702070581.0,2.0,4.0,2.0,71.0
702070582.0,2.0,2.0,2.0,25.0
702070583.0,1.0,4.0,1.0,22.0
702070584.0,1.0,4.0,2.0,24.0
702070585.0,1.0,4.0,1.0,39.0
702070586.0,2.0,4.0,1.0,29.0
702070587.0,1.0,4.0,1.0,29.0
702070588.0,2.0,3.0,2.0,62.0
702070589.0,2.0,4.0,2.0,64.0
702070590.0,2.0,4.0,2.0,24.0
702070591.0,2.0,4.0,1.0,22.0
702070592.0,2.0,4.0,1.0,31.0
702070593.0,1.0,3.0,1.0,67.0
702070594.0,2.0,4.0,2.0,58.0
702070595.0,2.0,4.0,2.0,56.0
702070596.0,2.0,4.0,2.0,71.0
702070597.0,1.0,4.0,2.0,58.0
702070598.0,1.0,4.0,1.0,61.0
702070599.0,2.0,4.0,2.0,42.0
702070600.0,2.0,4.0,2.0,70.0
702070601.0,2.0,4.0,1.0,54.0
702070602.0,2.0,4.0,2.0,77.0
702070603.0,1.0,3.0,2.0,42.0
702070604.0,1.0,4.0,2.0,29.0
702070605.0,2.0,3.0,2.0,58.0
702070606.0,1.0,3.0,1.0,73.0
702070607.0,1.0,3.0,2.0,76.0
702070608.0,1.0,4.0,1.0,67.0
702070609.0,2.0,4.0,2.0,41.0
702070610.0,2.0,4.0,1.0,58.0
702070611.0,2.0,3.0,2.0,40.0
702070612.0,2.0,4.0,2.0,52.0
702070613.0,2.0,3.0,2.0,66.0
702070614.0,1.0,4.0,1.0,38.0
702070615.0,2.0,4.0,2.0,38.0
702070616.0,2.0,4.0,1.0,66.0
702070617.0,2.0,4.0,1.0,55.0
702070618.0,2.0,4.0,1.0,51.0
702070619.0,2.0,4.0,2.0,47.0
702070620.0,2.0,3.0,1.0,59.0
702070621.0,1.0,4.0,1.0,30.0
702070622.0,2.0,4.0,1.0,30.0
702070623.0,2.0,4.0,2.0,43.0
702070624.0,2.0,4.0,1.0,37.0
702070625.0,2.0,3.0,1.0,27.0
702070626.0,2.0,4.0,2.0,60.0
702070627.0,2.0,4.0,2.0,38.0
702070628.0,2.0,4.0,1.0,26.0
702070629.0,2.0,4.0,2.0,26.0
702070630.0,2.0,4.0,1.0,49.0
702070631.0,2.0,4.0,2.0,47.0
702070632.0,2.0,4.0,2.0,47.0
702070633.0,2.0,4.0,1.0,65.0
702070634.0,2.0,4.0,1.0,62.0
702070635.0,2.0,4.0,2.0,64.0
702070636.0,2.0,4.0,2.0,35.0
702070637.0,1.0,4.0,1.0,54.0
702070638.0,1.0,4.0,1.0,66.0
702070639.0,1.0,4.0,2.0,74.0
702070640.0,2.0,4.0,2.0,31.0
702070641.0,2.0,4.0,2.0,25.0
702070642.0,1.0,4.0,2.0,41.0
702070643.0,1.0,4.0,2.0,66.0
702070644.0,2.0,4.0,1.0,23.0
702070645.0,2.0,4.0,2.0,30.0
702070646.0,2.0,3.0,1.0,50.0
702070647.0,2.0,4.0,1.0,68.0
702070648.0,2.0,4.0,1.0,23.0
702070649.0,2.0,4.0,2.0,24.0
702070650.0,2.0,4.0,2.0,38.0
702070651.0,2.0,4.0,2.0,27.0
702070652.0,2.0,4.0,1.0,64.0
702070653.0,2.0,4.0,1.0,54.0
702070654.0,2.0,4.0,2.0,51.0
702070655.0,2.0,4.0,2.0,47.0
702070656.0,2.0,4.0,1.0,58.0
702070657.0,2.0,4.0,1.0,50.0
702070658.0,2.0,4.0,2.0,73.0
702070659.0,2.0,4.0,1.0,32.0
702070660.0,2.0,4.0,1.0,53.0
702070661.0,2.0,4.0,2.0,65.0
702070662.0,2.0,4.0,1.0,62.0
702070663.0,2.0,4.0,1.0,46.0
702070664.0,2.0,4.0,1.0,24.0
702070665.0,2.0,4.0,1.0,71.0
702070666.0,2.0,4.0,1.0,34.0
702070667.0,2.0,4.0,2.0,66.0
702070668.0,2.0,4.0,1.0,71.0
702070669.0,1.0,4.0,1.0,21.0
702070670.0,2.0,4.0,1.0,21.0
702070671.0,4.0,2.0,1.0,22.0
702070672.0,2.0,4.0,2.0,41.0
702070673.0,2.0,4.0,2.0,84.0
702070674.0,2.0,4.0,1.0,41.0
702070675.0,2.0,4.0,1.0,66.0
702070676.0,2.0,4.0,2.0,56.0
702070677.0,2.0,4.0,1.0,69.0
702070678.0,2.0,3.0,2.0,63.0
702070679.0,2.0,4.0,1.0,46.0
702070680.0,1.0,4.0,1.0,36.0
702070681.0,2.0,4.0,1.0,29.0
702070682.0,1.0,4.0,2.0,55.0
702070683.0,2.0,4.0,1.0,61.0
702070684.0,1.0,4.0,1.0,39.0
702070685.0,2.0,4.0,1.0,27.0
702070686.0,2.0,4.0,2.0,21.0
702070687.0,2.0,4.0,2.0,70.0
702070688.0,1.0,3.0,2.0,24.0
702070689.0,1.0,4.0,2.0,61.0
702070690.0,2.0,4.0,1.0,57.0
702070691.0,1.0,4.0,1.0,34.0
702070692.0,1.0,4.0,1.0,62.0
702070693.0,2.0,4.0,2.0,53.0
702070694.0,1.0,4.0,2.0,37.0
702070695.0,3.0,1.0,1.0,34.0
702070696.0,1.0,4.0,1.0,63.0
702070697.0,2.0,4.0,2.0,59.0
702070698.0,3.0,2.0,2.0,63.0
702070699.0,2.0,3.0,2.0,51.0
702070700.0,2.0,4.0,1.0,48.0
702070701.0,2.0,4.0,1.0,43.0
702070702.0,2.0,4.0,2.0,45.0
702070703.0,2.0,3.0,2.0,59.0
702070704.0,1.0,4.0,1.0,30.0
702070705.0,1.0,4.0,1.0,71.0
702070706.0,2.0,4.0,1.0,26.0
702070707.0,1.0,4.0,1.0,36.0
702070708.0,2.0,4.0,2.0,40.0
702070709.0,1.0,4.0,2.0,64.0
702070710.0,1.0,4.0,1.0,38.0
702070711.0,3.0,4.0,2.0,65.0
702070712.0,1.0,4.0,1.0,22.0
702070713.0,3.0,2.0,2.0,43.0
702070714.0,1.0,4.0,2.0,29.0
702070715.0,2.0,4.0,1.0,61.0
702070716.0,3.0,4.0,1.0,25.0
702070717.0,1.0,4.0,1.0,68.0
702070718.0,2.0,4.0,2.0,44.0
702070719.0,1.0,4.0,2.0,31.0
702070720.0,1.0,4.0,2.0,70.0
702070721.0,1.0,4.0,2.0,59.0
702070722.0,2.0,4.0,2.0,27.0
702070723.0,1.0,4.0,1.0,74.0
702070724.0,2.0,4.0,1.0,35.0
702070725.0,2.0,4.0,1.0,35.0
702070726.0,2.0,4.0,2.0,60.0
702070727.0,2.0,4.0,1.0,55.0
702070728.0,2.0,4.0,1.0,63.0
702070729.0,3.0,4.0,1.0,62.0
702070730.0,1.0,4.0,1.0,41.0
702070731.0,1.0,4.0,1.0,37.0
702070732.0,1.0,4.0,2.0,64.0
702070733.0,2.0,4.0,1.0,39.0
702070734.0,1.0,4.0,1.0,67.0
702070735.0,2.0,4.0,1.0,21.0
702070736.0,2.0,3.0,1.0,59.0
702070737.0,1.0,4.0,2.0,23.0
702070738.0,1.0,3.0,1.0,68.0
702070739.0,1.0,4.0,1.0,66.0
702070740.0,2.0,4.0,2.0,42.0
702070741.0,2.0,3.0,2.0,59.0
702070742.0,2.0,4.0,2.0,53.0
702070743.0,2.0,4.0,2.0,40.0
702070744.0,2.0,4.0,1.0,29.0
702070745.0,2.0,4.0,2.0,70.0
702070746.0,1.0,4.0,1.0,70.0
702070747.0,3.0,4.0,2.0,61.0
702070748.0,3.0,2.0,2.0,40.0
702070749.0,1.0,4.0,2.0,66.0
702070750.0,1.0,4.0,2.0,71.0
702070751.0,2.0,4.0,1.0,64.0
702070752.0,2.0,4.0,2.0,50.0
702070753.0,2.0,4.0,2.0,55.0
702070754.0,2.0,3.0,2.0,55.0
702070755.0,1.0,4.0,1.0,60.0
702070756.0,1.0,4.0,1.0,24.0
702070757.0,1.0,4.0,2.0,45.0
702070758.0,2.0,2.0,2.0,27.0
702070759.0,2.0,4.0,2.0,35.0
702070760.0,1.0,4.0,1.0,26.0
702070761.0,2.0,4.0,1.0,75.0
702070762.0,1.0,4.0,1.0,57.0
702070763.0,3.0,4.0,2.0,67.0
702070764.0,2.0,4.0,1.0,35.0
702070765.0,1.0,4.0,1.0,41.0
702070766.0,2.0,4.0,1.0,36.0
702070767.0,1.0,4.0,1.0,63.0
702070768.0,2.0,4.0,2.0,54.0
702070769.0,3.0,3.0,2.0,49.0
702070770.0,2.0,2.0,1.0,29.0
702070771.0,1.0,4.0,1.0,32.0
702070772.0,2.0,4.0,1.0,73.0
702070773.0,2.0,4.0,2.0,79.0
702070774.0,1.0,3.0,1.0,47.0
702070775.0,1.0,4.0,1.0,22.0
702070776.0,1.0,4.0,2.0,56.0
702070777.0,1.0,4.0,1.0,40.0
702070778.0,1.0,4.0,1.0,31.0
702070779.0,1.0,4.0,1.0,58.0
702070780.0,1.0,4.0,1.0,34.0
702070781.0,1.0,4.0,1.0,58.0
702070782.0,1.0,4.0,1.0,71.0
702070783.0,1.0,4.0,1.0,63.0
702070784.0,1.0,4.0,1.0,37.0
702070785.0,1.0,4.0,1.0,72.0
702070786.0,2.0,4.0,2.0,57.0
702070787.0,2.0,4.0,1.0,31.0
702070788.0,1.0,4.0,2.0,47.0
702070789.0,1.0,4.0,2.0,51.0
702070790.0,2.0,4.0,2.0,32.0
702070791.0,1.0,4.0,2.0,47.0
702070792.0,2.0,4.0,2.0,54.0
702070793.0,2.0,4.0,1.0,30.0
702070794.0,1.0,4.0,2.0,51.0
702070795.0,2.0,4.0,2.0,27.0
702070796.0,3.0,3.0,2.0,74.0
702070797.0,1.0,4.0,2.0,28.0
702070798.0,2.0,4.0,2.0,34.0
702070799.0,1.0,4.0,1.0,35.0
702070800.0,2.0,4.0,2.0,59.0
702070801.0,2.0,4.0,1.0,26.0
702070802.0,1.0,4.0,1.0,51.0
702070803.0,2.0,4.0,1.0,58.0
702070804.0,1.0,4.0,2.0,56.0
702070805.0,1.0,4.0,2.0,38.0
702070806.0,1.0,4.0,1.0,40.0
702070807.0,1.0,3.0,1.0,65.0
702070808.0,1.0,4.0,1.0,59.0
702070809.0,2.0,4.0,2.0,74.0
702070810.0,2.0,4.0,2.0,22.0
702070811.0,1.0,4.0,2.0,36.0
702070812.0,2.0,4.0,1.0,44.0
702070813.0,3.0,4.0,2.0,42.0
702070814.0,1.0,4.0,2.0,41.0
702070815.0,1.0,4.0,2.0,38.0
702070816.0,1.0,4.0,1.0,49.0
702070817.0,2.0,4.0,1.0,68.0
702070818.0,2.0,4.0,1.0,26.0
702070819.0,2.0,4.0,2.0,76.0
702070820.0,1.0,4.0,1.0,28.0
702070821.0,2.0,3.0,2.0,63.0
702070822.0,2.0,3.0,1.0,47.0
702070823.0,1.0,4.0,1.0,82.0
702070824.0,2.0,2.0,1.0,48.0
702070825.0,1.0,3.0,1.0,37.0
702070826.0,2.0,4.0,2.0,67.0
702070827.0,1.0,3.0,1.0,64.0
702070828.0,1.0,4.0,1.0,56.0
702070829.0,2.0,4.0,2.0,71.0
702070830.0,2.0,4.0,2.0,55.0
702070831.0,1.0,4.0,1.0,24.0
702070832.0,2.0,4.0,2.0,39.0
702070833.0,1.0,4.0,1.0,25.0
702070834.0,2.0,4.0,2.0,27.0
702070835.0,1.0,4.0,2.0,77.0
702070836.0,2.0,3.0,2.0,81.0
702070837.0,2.0,3.0,2.0,52.0
702070838.0,2.0,4.0,2.0,37.0
702070839.0,2.0,3.0,1.0,73.0
702070840.0,1.0,2.0,1.0,40.0
702070841.0,1.0,2.0,1.0,21.0
702070842.0,1.0,4.0,2.0,44.0
702070843.0,2.0,2.0,1.0,58.0
702070844.0,1.0,3.0,1.0,43.0
702070845.0,2.0,4.0,2.0,56.0
702070846.0,1.0,3.0,1.0,81.0
702070847.0,1.0,4.0,2.0,36.0
702070848.0,1.0,4.0,1.0,56.0
702070849.0,2.0,4.0,2.0,52.0
702070850.0,2.0,4.0,2.0,68.0
702070851.0,1.0,4.0,2.0,32.0
702070852.0,2.0,3.0,1.0,22.0
702070853.0,2.0,4.0,2.0,27.0
702070854.0,2.0,4.0,1.0,42.0
702070855.0,2.0,3.0,1.0,49.0
702070856.0,2.0,4.0,2.0,31.0
702070857.0,1.0,4.0,2.0,73.0
702070858.0,2.0,3.0,1.0,22.0
702070859.0,2.0,4.0,1.0,27.0
702070860.0,1.0,2.0,1.0,61.0
702070861.0,2.0,4.0,2.0,21.0
702070862.0,2.0,4.0,2.0,54.0
702070863.0,2.0,2.0,2.0,42.0
702070864.0,2.0,3.0,1.0,78.0
702070865.0,1.0,3.0,2.0,34.0
702070866.0,2.0,4.0,2.0,63.0
702070867.0,1.0,3.0,2.0,51.0
702070868.0,1.0,4.0,2.0,37.0
702070869.0,2.0,3.0,1.0,68.0
702070870.0,2.0,3.0,1.0,68.0
702070871.0,1.0,3.0,1.0,71.0
702070872.0,2.0,4.0,1.0,68.0
702070873.0,1.0,4.0,2.0,63.0
702070874.0,3.0,4.0,2.0,45.0
702070875.0,2.0,4.0,1.0,54.0
702070876.0,1.0,4.0,1.0,53.0
702070877.0,2.0,4.0,2.0,54.0
702070878.0,1.0,4.0,1.0,28.0
702070879.0,1.0,4.0,1.0,67.0
702070880.0,1.0,4.0,2.0,46.0
702070881.0,1.0,4.0,1.0,64.0
702070882.0,1.0,3.0,2.0,49.0
702070883.0,2.0,3.0,1.0,32.0
702070884.0,1.0,1.0,2.0,24.0
702070885.0,1.0,4.0,2.0,50.0
702070886.0,2.0,2.0,1.0,66.0
702070887.0,2.0,4.0,1.0,28.0
702070888.0,1.0,4.0,2.0,52.0
702070889.0,2.0,4.0,2.0,41.0
702070890.0,1.0,4.0,1.0,74.0
702070891.0,1.0,2.0,2.0,43.0
702070892.0,1.0,4.0,2.0,27.0
702070893.0,2.0,3.0,2.0,73.0
702070894.0,2.0,3.0,1.0,69.0
702070895.0,2.0,3.0,2.0,64.0
702070896.0,2.0,4.0,2.0,21.0
702070897.0,2.0,4.0,2.0,39.0
702070898.0,2.0,3.0,1.0,53.0
702070899.0,1.0,4.0,2.0,49.0
702070900.0,2.0,3.0,2.0,40.0
702070901.0,1.0,1.0,2.0,28.0
702070902.0,1.0,4.0,1.0,79.0
702070903.0,2.0,4.0,2.0,35.0
702070904.0,2.0,3.0,1.0,53.0
702070905.0,2.0,3.0,1.0,58.0
702070906.0,2.0,3.0,1.0,45.0
702070907.0,2.0,4.0,2.0,25.0
702070908.0,1.0,4.0,2.0,38.0
702070909.0,2.0,3.0,2.0,45.0
702070910.0,2.0,4.0,1.0,26.0
702070911.0,1.0,4.0,2.0,67.0
702070912.0,2.0,4.0,1.0,51.0
702070913.0,2.0,3.0,1.0,51.0
702070914.0,2.0,3.0,2.0,59.0
702070915.0,2.0,3.0,1.0,58.0
702070916.0,1.0,3.0,2.0,46.0
702070917.0,1.0,4.0,2.0,32.0
702070918.0,2.0,4.0,2.0,35.0
702070919.0,2.0,4.0,2.0,68.0
702070920.0,2.0,3.0,2.0,23.0
702070921.0,1.0,3.0,2.0,77.0
702070922.0,1.0,4.0,1.0,51.0
702070923.0,1.0,4.0,1.0,48.0
702070924.0,2.0,4.0,1.0,42.0
702070925.0,2.0,2.0,2.0,55.0
702070926.0,1.0,4.0,2.0,55.0
702070927.0,2.0,4.0,2.0,59.0
702070928.0,2.0,4.0,2.0,60.0
702070929.0,1.0,4.0,1.0,28.0
702070930.0,2.0,4.0,1.0,58.0
702070931.0,1.0,4.0,1.0,24.0
702070932.0,2.0,3.0,2.0,64.0
702070933.0,1.0,4.0,1.0,46.0
702070934.0,1.0,4.0,2.0,27.0
702070935.0,1.0,4.0,1.0,56.0
702070936.0,1.0,4.0,1.0,32.0
702070937.0,1.0,4.0,1.0,31.0
702070938.0,1.0,4.0,1.0,33.0
702070939.0,3.0,3.0,2.0,50.0
702070940.0,3.0,4.0,1.0,55.0
702070941.0,1.0,3.0,1.0,70.0
702070942.0,2.0,2.0,1.0,39.0
702070943.0,2.0,4.0,2.0,78.0
702070944.0,2.0,4.0,2.0,42.0
702070945.0,3.0,4.0,2.0,21.0
702070946.0,1.0,4.0,2.0,71.0
702070947.0,1.0,4.0,2.0,53.0
702070948.0,2.0,4.0,1.0,57.0
702070949.0,2.0,3.0,2.0,43.0
702070950.0,2.0,4.0,1.0,67.0
702070951.0,1.0,4.0,2.0,53.0
702070952.0,1.0,3.0,1.0,64.0
702070953.0,1.0,4.0,2.0,47.0
702070954.0,3.0,4.0,1.0,47.0
702070955.0,1.0,4.0,2.0,52.0
702070956.0,1.0,4.0,2.0,63.0
702070957.0,1.0,4.0,1.0,37.0
702070958.0,3.0,4.0,1.0,46.0
702070959.0,1.0,4.0,2.0,44.0
702070960.0,1.0,4.0,1.0,50.0
702070961.0,1.0,4.0,2.0,32.0
702070962.0,1.0,3.0,1.0,64.0
702070963.0,2.0,4.0,2.0,45.0
702070964.0,1.0,4.0,1.0,24.0
702070965.0,2.0,2.0,2.0,25.0
702070966.0,1.0,3.0,1.0,47.0
702070967.0,1.0,4.0,2.0,46.0
702070968.0,2.0,1.0,1.0,34.0
702070969.0,1.0,4.0,1.0,63.0
702070970.0,2.0,4.0,1.0,61.0
702070971.0,2.0,3.0,2.0,32.0
702070972.0,1.0,3.0,1.0,26.0
702070973.0,2.0,4.0,1.0,35.0
702070974.0,2.0,4.0,1.0,21.0
702070975.0,1.0,1.0,2.0,22.0
702070976.0,2.0,3.0,1.0,25.0
702070977.0,2.0,4.0,2.0,36.0
702070978.0,2.0,4.0,1.0,53.0
702070979.0,2.0,4.0,2.0,26.0
702070980.0,2.0,4.0,2.0,39.0
702070981.0,2.0,4.0,1.0,37.0
702070982.0,2.0,4.0,1.0,58.0
702070983.0,1.0,4.0,1.0,49.0
702070984.0,1.0,4.0,2.0,58.0
702070985.0,1.0,3.0,2.0,36.0
702070986.0,1.0,4.0,2.0,34.0
702070987.0,1.0,3.0,2.0,25.0
702070988.0,1.0,4.0,2.0,27.0
702070989.0,1.0,4.0,2.0,21.0
702070990.0,2.0,3.0,2.0,42.0
702070991.0,2.0,4.0,2.0,21.0
702070992.0,2.0,4.0,1.0,67.0
702070993.0,2.0,4.0,1.0,36.0
702070994.0,2.0,4.0,2.0,37.0
702070995.0,1.0,4.0,1.0,30.0
702070996.0,2.0,4.0,1.0,54.0
702070997.0,1.0,4.0,2.0,48.0
702070998.0,1.0,4.0,1.0,55.0
702070999.0,2.0,4.0,1.0,63.0
702071000.0,1.0,4.0,2.0,81.0
702071001.0,2.0,4.0,1.0,35.0
702071002.0,2.0,4.0,2.0,59.0
702071003.0,2.0,4.0,1.0,48.0
702071004.0,2.0,4.0,2.0,54.0
702071005.0,3.0,3.0,2.0,24.0
702071006.0,2.0,3.0,1.0,39.0
702071007.0,1.0,3.0,1.0,58.0
702071008.0,2.0,4.0,1.0,35.0
702071009.0,2.0,3.0,1.0,57.0
702071010.0,1.0,3.0,1.0,59.0
702071011.0,1.0,4.0,1.0,57.0
702071012.0,1.0,4.0,1.0,65.0
702071013.0,1.0,4.0,1.0,75.0
702071014.0,1.0,4.0,2.0,57.0
702071015.0,1.0,4.0,1.0,30.0
702071016.0,2.0,4.0,2.0,29.0
702071017.0,2.0,3.0,1.0,36.0
702071018.0,1.0,4.0,2.0,37.0
702071019.0,2.0,3.0,2.0,32.0
702071020.0,3.0,4.0,1.0,48.0
702071021.0,3.0,4.0,1.0,62.0
702071022.0,2.0,4.0,2.0,66.0
702071023.0,2.0,4.0,1.0,49.0
702071024.0,2.0,3.0,2.0,30.0
702071025.0,1.0,4.0,2.0,42.0
702071026.0,3.0,3.0,1.0,60.0
702071027.0,1.0,4.0,1.0,83.0
702071028.0,2.0,3.0,2.0,41.0
702071029.0,3.0,3.0,2.0,52.0
702071030.0,2.0,4.0,1.0,22.0
702071031.0,3.0,2.0,2.0,23.0
702071032.0,2.0,4.0,2.0,28.0
702071033.0,2.0,3.0,1.0,49.0
702071034.0,2.0,4.0,2.0,30.0
702071035.0,2.0,4.0,2.0,28.0
702071036.0,3.0,1.0,2.0,35.0
702071037.0,1.0,4.0,2.0,64.0
702071038.0,2.0,4.0,1.0,56.0
702071039.0,2.0,4.0,2.0,68.0
702071040.0,1.0,4.0,1.0,37.0
702071041.0,2.0,4.0,1.0,23.0
702071042.0,2.0,4.0,2.0,39.0
702071043.0,2.0,4.0,2.0,29.0
702071044.0,2.0,4.0,1.0,32.0
702071045.0,1.0,4.0,1.0,45.0
702071046.0,1.0,4.0,2.0,40.0
702071047.0,3.0,4.0,1.0,50.0
702071048.0,2.0,4.0,1.0,37.0
702071049.0,2.0,4.0,2.0,41.0
702071050.0,1.0,4.0,1.0,33.0
702071051.0,2.0,4.0,1.0,56.0
702071052.0,3.0,4.0,1.0,25.0
702071053.0,2.0,2.0,2.0,23.0
702071054.0,2.0,3.0,1.0,35.0
702071055.0,2.0,4.0,1.0,48.0
702071056.0,1.0,4.0,2.0,69.0
702071057.0,1.0,4.0,1.0,21.0
702071058.0,2.0,4.0,2.0,28.0
702071059.0,2.0,3.0,2.0,41.0
702071060.0,1.0,4.0,1.0,64.0
702071061.0,2.0,4.0,2.0,60.0
702071062.0,2.0,4.0,2.0,49.0
702071063.0,2.0,4.0,2.0,37.0
702071064.0,2.0,4.0,1.0,43.0
702071065.0,1.0,4.0,1.0,78.0
702071066.0,1.0,4.0,1.0,34.0
702071067.0,2.0,3.0,2.0,35.0
702071068.0,2.0,3.0,2.0,43.0
702071069.0,1.0,4.0,1.0,30.0
702071070.0,2.0,4.0,2.0,49.0
702071071.0,2.0,4.0,1.0,32.0
702071072.0,1.0,4.0,1.0,35.0
702071073.0,2.0,4.0,1.0,40.0
702071074.0,2.0,4.0,2.0,46.0
702071075.0,1.0,4.0,1.0,44.0
702071076.0,1.0,4.0,2.0,41.0
702071077.0,3.0,4.0,2.0,47.0
702071078.0,2.0,4.0,2.0,65.0
702071079.0,2.0,4.0,1.0,45.0
702071080.0,2.0,4.0,2.0,34.0
702071081.0,2.0,4.0,2.0,35.0
702071082.0,2.0,3.0,2.0,47.0
702071083.0,1.0,3.0,2.0,31.0
702071084.0,2.0,3.0,1.0,32.0
702071085.0,2.0,4.0,1.0,39.0
702071086.0,-2.0,4.0,2.0,39.0
702071087.0,1.0,4.0,1.0,53.0
702071088.0,1.0,4.0,1.0,37.0
702071089.0,2.0,2.0,1.0,55.0
702071090.0,2.0,4.0,2.0,31.0
702071091.0,2.0,4.0,2.0,48.0
702071092.0,1.0,4.0,2.0,38.0
702071093.0,1.0,4.0,2.0,61.0
702071094.0,1.0,4.0,2.0,35.0
702071095.0,2.0,4.0,2.0,39.0
702071096.0,1.0,4.0,2.0,55.0
702071097.0,1.0,4.0,2.0,31.0
702071098.0,1.0,4.0,2.0,53.0
702071099.0,2.0,4.0,1.0,22.0
702071100.0,1.0,4.0,1.0,42.0
702071101.0,1.0,3.0,2.0,44.0
702071102.0,2.0,4.0,1.0,33.0
702071103.0,2.0,4.0,2.0,76.0
702071104.0,1.0,3.0,2.0,66.0
702071105.0,2.0,3.0,1.0,60.0
702071106.0,2.0,4.0,1.0,56.0
702071107.0,1.0,4.0,2.0,66.0
702071108.0,2.0,3.0,2.0,33.0
702071109.0,2.0,4.0,2.0,55.0
702071110.0,2.0,4.0,1.0,50.0
702071111.0,1.0,4.0,1.0,27.0
702071112.0,1.0,4.0,2.0,30.0
702071113.0,2.0,3.0,2.0,23.0
702071114.0,3.0,4.0,2.0,23.0
702071115.0,2.0,3.0,2.0,38.0
702071116.0,2.0,3.0,2.0,42.0
702071117.0,2.0,4.0,1.0,45.0
702071118.0,2.0,4.0,1.0,58.0
702071119.0,2.0,4.0,2.0,82.0
702071120.0,2.0,3.0,1.0,21.0
702071121.0,2.0,4.0,2.0,84.0
702071122.0,2.0,3.0,2.0,75.0
702071123.0,1.0,3.0,1.0,52.0
702071124.0,1.0,4.0,2.0,40.0
702071125.0,1.0,4.0,2.0,71.0
702071126.0,1.0,4.0,2.0,39.0
702071127.0,2.0,3.0,1.0,48.0
702071128.0,2.0,4.0,2.0,31.0
702071129.0,1.0,4.0,2.0,37.0
702071130.0,1.0,4.0,2.0,57.0
702071131.0,1.0,4.0,1.0,51.0
702071132.0,2.0,3.0,2.0,42.0
702071133.0,1.0,4.0,2.0,46.0
702071134.0,1.0,4.0,2.0,41.0
702071135.0,2.0,4.0,2.0,48.0
702071136.0,1.0,4.0,2.0,62.0
702071137.0,2.0,3.0,1.0,62.0
702071138.0,2.0,3.0,2.0,31.0
702071139.0,2.0,3.0,2.0,24.0
702071140.0,2.0,3.0,2.0,26.0
702071141.0,1.0,4.0,1.0,43.0
702071142.0,1.0,4.0,1.0,24.0
702071143.0,2.0,4.0,1.0,23.0
702071144.0,2.0,4.0,2.0,64.0
702071145.0,1.0,4.0,2.0,43.0
702071146.0,1.0,4.0,2.0,41.0
702071147.0,2.0,3.0,1.0,29.0
702071148.0,2.0,2.0,1.0,25.0
702071149.0,1.0,4.0,2.0,33.0
702071150.0,1.0,4.0,2.0,33.0
702071151.0,1.0,4.0,1.0,64.0
702071152.0,2.0,4.0,2.0,36.0
702071153.0,2.0,4.0,2.0,48.0
702071154.0,2.0,4.0,1.0,23.0
702071155.0,2.0,4.0,1.0,52.0
702071156.0,1.0,4.0,1.0,23.0
702071157.0,1.0,4.0,2.0,37.0
702071158.0,1.0,4.0,1.0,72.0
702071159.0,2.0,4.0,2.0,75.0
702071160.0,1.0,4.0,1.0,53.0
702071161.0,2.0,4.0,1.0,61.0
702071162.0,2.0,4.0,1.0,22.0
702071163.0,1.0,4.0,2.0,24.0
702071164.0,2.0,4.0,1.0,61.0
702071165.0,1.0,4.0,1.0,38.0
702071166.0,2.0,4.0,2.0,79.0
702071167.0,1.0,3.0,2.0,55.0
702071168.0,2.0,4.0,1.0,36.0
702071169.0,1.0,3.0,2.0,57.0
702071170.0,1.0,4.0,2.0,62.0
702071171.0,1.0,3.0,1.0,32.0
702071172.0,2.0,3.0,2.0,49.0
702071173.0,2.0,4.0,2.0,53.0
702071174.0,1.0,4.0,2.0,24.0
702071175.0,1.0,4.0,1.0,74.0
702071176.0,2.0,4.0,1.0,66.0
702071177.0,2.0,4.0,2.0,30.0
702071178.0,2.0,4.0,2.0,63.0
702071179.0,3.0,3.0,1.0,52.0
702071180.0,1.0,4.0,1.0,82.0
702071181.0,2.0,4.0,1.0,64.0
702071182.0,2.0,4.0,2.0,47.0
702071183.0,4.0,1.0,1.0,38.0
702071184.0,1.0,3.0,2.0,35.0
702071185.0,1.0,4.0,2.0,56.0
702071186.0,1.0,4.0,2.0,39.0
702071187.0,2.0,4.0,2.0,43.0
702071188.0,1.0,4.0,1.0,64.0
702071189.0,1.0,4.0,1.0,29.0
702071190.0,3.0,4.0,2.0,68.0
702071191.0,2.0,3.0,2.0,46.0
702071192.0,2.0,4.0,2.0,52.0
702071193.0,1.0,4.0,2.0,26.0
702071194.0,2.0,4.0,1.0,56.0
702071195.0,2.0,4.0,2.0,25.0
702071196.0,1.0,4.0,1.0,25.0
702071197.0,1.0,4.0,2.0,35.0
702071198.0,1.0,4.0,2.0,35.0
702071199.0,1.0,4.0,1.0,27.0
702071200.0,2.0,4.0,2.0,46.0
702071201.0,2.0,1.0,1.0,39.0
702071202.0,1.0,4.0,1.0,30.0
702071203.0,2.0,3.0,1.0,35.0
702071204.0,2.0,4.0,2.0,68.0
702071205.0,3.0,4.0,2.0,69.0
702071206.0,2.0,3.0,2.0,35.0
702071207.0,2.0,3.0,1.0,29.0
702071208.0,2.0,3.0,1.0,58.0
702071209.0,1.0,4.0,2.0,45.0
702071210.0,2.0,4.0,1.0,37.0
702071211.0,1.0,4.0,2.0,49.0
702071212.0,2.0,3.0,2.0,49.0
702071213.0,2.0,4.0,1.0,40.0
702071214.0,1.0,4.0,2.0,66.0
702071215.0,2.0,4.0,2.0,24.0
702071216.0,2.0,4.0,2.0,41.0
702071217.0,1.0,3.0,1.0,54.0
702071218.0,1.0,4.0,1.0,71.0
702071219.0,2.0,4.0,2.0,85.0
702071220.0,2.0,4.0,2.0,41.0
702071221.0,2.0,3.0,2.0,53.0
702071222.0,2.0,4.0,2.0,75.0
702071223.0,2.0,3.0,1.0,34.0
702071224.0,2.0,4.0,2.0,50.0
702071225.0,1.0,4.0,1.0,37.0
702071226.0,1.0,4.0,2.0,50.0
702071227.0,2.0,4.0,2.0,36.0
702071228.0,2.0,4.0,2.0,54.0
702071229.0,2.0,3.0,2.0,40.0
702071230.0,2.0,4.0,1.0,34.0
702071231.0,2.0,4.0,2.0,27.0
702071232.0,2.0,3.0,2.0,59.0
702071233.0,2.0,4.0,2.0,57.0
702071234.0,1.0,4.0,2.0,23.0
702071235.0,2.0,4.0,2.0,43.0
702071236.0,2.0,3.0,1.0,28.0
702071237.0,2.0,4.0,2.0,51.0
702071238.0,2.0,4.0,1.0,41.0
702071239.0,1.0,4.0,1.0,40.0
702071240.0,2.0,4.0,1.0,57.0
702071241.0,2.0,3.0,1.0,68.0
702071242.0,1.0,4.0,2.0,49.0
702071243.0,2.0,3.0,2.0,65.0
702071244.0,2.0,4.0,1.0,29.0
702071245.0,1.0,4.0,1.0,36.0
702071246.0,1.0,4.0,2.0,34.0
702071247.0,1.0,4.0,2.0,72.0
702071248.0,1.0,4.0,1.0,81.0
702071249.0,2.0,4.0,2.0,57.0
702071250.0,2.0,4.0,1.0,68.0
702071251.0,2.0,3.0,2.0,39.0
702071252.0,2.0,3.0,2.0,32.0
702071253.0,1.0,3.0,1.0,53.0
702071254.0,1.0,4.0,1.0,47.0
702071255.0,2.0,3.0,1.0,32.0
702071256.0,1.0,4.0,1.0,27.0
702071257.0,1.0,4.0,1.0,28.0
702071258.0,2.0,4.0,2.0,72.0
702071259.0,2.0,2.0,2.0,27.0
702071260.0,2.0,4.0,2.0,46.0
702071261.0,1.0,4.0,2.0,43.0
702071262.0,1.0,4.0,1.0,45.0
702071263.0,1.0,4.0,1.0,68.0
702071264.0,1.0,3.0,1.0,47.0
702071265.0,2.0,4.0,2.0,24.0
702071266.0,2.0,3.0,1.0,67.0
702071267.0,1.0,4.0,1.0,28.0
702071268.0,2.0,4.0,2.0,71.0
702071269.0,2.0,4.0,1.0,54.0
702071270.0,2.0,4.0,2.0,70.0
702071271.0,2.0,3.0,2.0,50.0
702071272.0,2.0,4.0,2.0,69.0
702071273.0,2.0,4.0,1.0,30.0
702071274.0,3.0,4.0,2.0,50.0
702071275.0,1.0,4.0,2.0,33.0
702071276.0,2.0,3.0,2.0,57.0
702071277.0,1.0,4.0,2.0,31.0
702071278.0,3.0,4.0,2.0,42.0
702071279.0,1.0,4.0,2.0,61.0
702071280.0,3.0,4.0,2.0,51.0
702071281.0,1.0,4.0,2.0,36.0
702071282.0,1.0,4.0,1.0,36.0
702071283.0,1.0,4.0,1.0,44.0
702071284.0,3.0,4.0,1.0,53.0
702071285.0,2.0,4.0,1.0,23.0
702071286.0,2.0,4.0,1.0,68.0
702071287.0,2.0,3.0,2.0,22.0
702071288.0,2.0,4.0,1.0,31.0
702071289.0,1.0,4.0,1.0,33.0
702071290.0,2.0,4.0,1.0,59.0
702071291.0,2.0,4.0,2.0,27.0
702071292.0,2.0,3.0,2.0,57.0
702071293.0,1.0,4.0,1.0,70.0
702071294.0,2.0,4.0,2.0,45.0
702071295.0,1.0,4.0,1.0,44.0
702071296.0,2.0,4.0,1.0,46.0
702071297.0,3.0,4.0,2.0,74.0
702071298.0,2.0,4.0,1.0,50.0
702071299.0,2.0,4.0,2.0,44.0
702071300.0,2.0,3.0,2.0,31.0
702071301.0,2.0,4.0,1.0,25.0
702071302.0,2.0,4.0,2.0,67.0
702071303.0,2.0,4.0,2.0,33.0
702071304.0,2.0,4.0,1.0,46.0
702071305.0,2.0,4.0,1.0,81.0
702071306.0,1.0,4.0,1.0,72.0
702071307.0,1.0,4.0,2.0,37.0
702071308.0,1.0,4.0,1.0,60.0
702071309.0,2.0,-2.0,2.0,65.0
702071310.0,1.0,4.0,1.0,42.0
702071311.0,1.0,4.0,2.0,63.0
702071312.0,1.0,3.0,2.0,24.0
702071313.0,1.0,4.0,1.0,51.0
702071314.0,1.0,4.0,1.0,53.0
702071315.0,2.0,4.0,2.0,45.0
702071316.0,1.0,4.0,1.0,23.0
702071317.0,2.0,4.0,1.0,47.0
702071318.0,1.0,4.0,2.0,56.0
702071319.0,3.0,4.0,1.0,32.0
702071320.0,2.0,4.0,2.0,37.0
702071321.0,1.0,4.0,1.0,38.0
702071322.0,1.0,4.0,2.0,60.0
702071323.0,2.0,4.0,2.0,24.0
702071324.0,2.0,4.0,2.0,56.0
702071325.0,3.0,4.0,2.0,44.0
702071326.0,2.0,4.0,2.0,58.0
702071327.0,1.0,4.0,1.0,37.0
702071328.0,1.0,4.0,2.0,29.0
702071329.0,2.0,3.0,2.0,36.0
702071330.0,2.0,4.0,2.0,53.0
702071331.0,1.0,3.0,1.0,61.0
702071332.0,2.0,3.0,2.0,22.0
702071333.0,2.0,4.0,1.0,22.0
702071334.0,2.0,4.0,1.0,33.0
702071335.0,2.0,4.0,1.0,27.0
702071336.0,1.0,4.0,2.0,30.0
702071337.0,2.0,4.0,2.0,38.0
702071338.0,1.0,4.0,2.0,56.0
702071339.0,2.0,4.0,2.0,63.0
702071340.0,1.0,4.0,2.0,23.0
702071341.0,1.0,4.0,2.0,65.0
702071342.0,2.0,4.0,2.0,31.0
702071343.0,3.0,4.0,1.0,47.0
702071344.0,1.0,4.0,1.0,56.0
702071345.0,1.0,4.0,2.0,58.0
702071346.0,2.0,4.0,1.0,58.0
702071347.0,1.0,4.0,2.0,69.0
702071348.0,2.0,4.0,2.0,73.0
702071349.0,2.0,4.0,2.0,71.0
702071350.0,2.0,4.0,1.0,66.0
702071351.0,2.0,4.0,2.0,44.0
702071352.0,2.0,4.0,2.0,66.0
702071353.0,2.0,4.0,1.0,73.0
702071354.0,1.0,4.0,1.0,38.0
702071355.0,1.0,4.0,2.0,62.0
702071356.0,1.0,4.0,2.0,40.0
702071357.0,1.0,4.0,2.0,61.0
702071358.0,1.0,4.0,2.0,67.0
702071359.0,1.0,4.0,2.0,47.0
702071360.0,1.0,4.0,1.0,51.0
702071361.0,1.0,4.0,1.0,69.0
702071362.0,3.0,4.0,2.0,47.0
702071363.0,1.0,4.0,1.0,37.0
702071364.0,1.0,4.0,1.0,46.0
702071365.0,2.0,3.0,2.0,37.0
702071366.0,1.0,4.0,1.0,47.0
702071367.0,2.0,4.0,1.0,61.0
702071368.0,1.0,4.0,1.0,47.0
702071369.0,2.0,4.0,1.0,68.0
702071370.0,2.0,4.0,1.0,55.0
702071371.0,2.0,4.0,1.0,49.0
702071372.0,1.0,4.0,2.0,44.0
702071373.0,3.0,2.0,2.0,53.0
702071374.0,1.0,4.0,1.0,77.0
702071375.0,2.0,4.0,2.0,54.0
702071376.0,2.0,4.0,1.0,70.0
702071377.0,1.0,4.0,2.0,68.0
702071378.0,2.0,3.0,1.0,72.0
702071379.0,2.0,4.0,2.0,38.0
702071380.0,1.0,4.0,2.0,28.0
702071381.0,2.0,4.0,2.0,48.0
702071382.0,1.0,4.0,2.0,53.0
702071383.0,2.0,4.0,2.0,50.0
702071384.0,2.0,4.0,1.0,41.0
702071385.0,1.0,4.0,1.0,73.0
702071386.0,1.0,4.0,1.0,51.0
702071387.0,2.0,4.0,2.0,61.0
702071388.0,1.0,4.0,1.0,76.0
702071389.0,1.0,4.0,1.0,48.0
702071390.0,2.0,4.0,1.0,28.0
702071391.0,1.0,4.0,1.0,52.0
702071392.0,1.0,4.0,2.0,25.0
702071393.0,1.0,4.0,1.0,25.0
702071394.0,2.0,4.0,1.0,63.0
702071395.0,3.0,4.0,2.0,63.0
702071396.0,2.0,3.0,2.0,30.0
702071397.0,1.0,4.0,2.0,71.0
702071398.0,1.0,4.0,1.0,60.0
702071399.0,2.0,4.0,2.0,56.0
702071400.0,2.0,4.0,1.0,59.0
702071401.0,2.0,4.0,2.0,67.0
702071402.0,1.0,4.0,2.0,30.0
702071403.0,1.0,4.0,1.0,59.0
702071404.0,2.0,3.0,1.0,42.0
702071405.0,3.0,3.0,2.0,48.0
702071406.0,1.0,4.0,1.0,25.0
702071407.0,2.0,4.0,1.0,69.0
702071408.0,1.0,4.0,1.0,47.0
702071409.0,2.0,3.0,1.0,37.0
702071410.0,2.0,4.0,2.0,25.0
702071411.0,2.0,4.0,1.0,49.0
702071412.0,2.0,4.0,2.0,53.0
702071413.0,2.0,3.0,1.0,59.0
702071414.0,2.0,3.0,2.0,21.0
702071415.0,1.0,4.0,1.0,45.0
702071416.0,3.0,3.0,2.0,34.0
702071417.0,3.0,4.0,2.0,34.0
702071418.0,3.0,4.0,2.0,40.0
702071419.0,2.0,3.0,1.0,37.0
702071420.0,2.0,3.0,2.0,49.0
702071421.0,2.0,4.0,2.0,67.0
702071422.0,2.0,4.0,1.0,62.0
702071423.0,3.0,4.0,1.0,67.0
702071424.0,2.0,4.0,1.0,69.0
702071425.0,1.0,4.0,1.0,22.0
702071426.0,3.0,2.0,2.0,27.0
702071427.0,2.0,4.0,1.0,44.0
702071428.0,1.0,3.0,2.0,25.0
702071429.0,2.0,4.0,1.0,42.0
702071430.0,3.0,4.0,2.0,49.0
702071431.0,2.0,4.0,2.0,76.0
702071432.0,2.0,-2.0,1.0,43.0
702071433.0,1.0,4.0,2.0,71.0
702071434.0,2.0,4.0,2.0,58.0
702071435.0,2.0,4.0,1.0,21.0
702071436.0,1.0,4.0,1.0,43.0
702071437.0,2.0,3.0,1.0,44.0
702071438.0,2.0,4.0,1.0,43.0
702071439.0,3.0,4.0,1.0,51.0
702071440.0,2.0,4.0,2.0,27.0
702071441.0,2.0,4.0,1.0,32.0
702071442.0,3.0,2.0,1.0,42.0
702071443.0,1.0,4.0,1.0,44.0
702071444.0,2.0,4.0,2.0,52.0
702071445.0,3.0,4.0,2.0,43.0
702071446.0,3.0,3.0,2.0,40.0
702071447.0,3.0,4.0,2.0,38.0
702071448.0,2.0,4.0,1.0,37.0
702071449.0,2.0,4.0,1.0,32.0
702071450.0,2.0,4.0,2.0,42.0
702071451.0,2.0,4.0,2.0,32.0
702071452.0,2.0,2.0,1.0,38.0
702071453.0,2.0,4.0,2.0,35.0
702071454.0,2.0,3.0,2.0,39.0
702071455.0,2.0,3.0,1.0,37.0
702071456.0,1.0,4.0,1.0,61.0
702071457.0,2.0,4.0,2.0,73.0
702071458.0,1.0,4.0,1.0,44.0
702071459.0,2.0,4.0,2.0,25.0
702071460.0,3.0,2.0,1.0,42.0
702071461.0,1.0,3.0,2.0,23.0
702071462.0,2.0,4.0,2.0,49.0
702071463.0,2.0,4.0,2.0,54.0
702071464.0,2.0,4.0,1.0,69.0
702071465.0,2.0,3.0,1.0,36.0
702071466.0,2.0,4.0,1.0,46.0
702071467.0,2.0,4.0,2.0,42.0
702071468.0,2.0,3.0,1.0,31.0
702071469.0,2.0,4.0,2.0,24.0
702071470.0,2.0,3.0,2.0,25.0
702071471.0,1.0,4.0,2.0,57.0
702071472.0,3.0,3.0,1.0,43.0
702071473.0,2.0,4.0,1.0,35.0
702071474.0,1.0,4.0,1.0,78.0
702071475.0,2.0,4.0,1.0,64.0
702071476.0,2.0,3.0,2.0,37.0
702071477.0,2.0,-2.0,1.0,43.0
702071478.0,2.0,4.0,2.0,34.0
702071479.0,2.0,3.0,2.0,66.0
702071480.0,1.0,4.0,2.0,59.0
702071481.0,2.0,4.0,1.0,74.0
702071482.0,2.0,4.0,2.0,71.0
702071483.0,2.0,3.0,2.0,33.0
702071484.0,1.0,3.0,1.0,54.0
702071485.0,3.0,4.0,1.0,48.0
702071486.0,1.0,4.0,1.0,40.0
702071487.0,2.0,4.0,1.0,36.0
702071488.0,1.0,2.0,2.0,23.0
702071489.0,2.0,4.0,1.0,56.0
702071490.0,2.0,4.0,2.0,48.0
702071491.0,1.0,4.0,1.0,45.0
702071492.0,1.0,4.0,2.0,75.0
702071493.0,2.0,4.0,2.0,71.0
702071494.0,2.0,4.0,2.0,64.0
702071495.0,1.0,3.0,1.0,66.0
702071496.0,2.0,4.0,2.0,60.0
702071497.0,2.0,4.0,1.0,72.0
702071498.0,1.0,4.0,2.0,58.0
702071499.0,2.0,3.0,2.0,23.0
702071500.0,2.0,4.0,2.0,76.0
702071501.0,2.0,4.0,1.0,52.0
702071502.0,3.0,4.0,2.0,34.0
702071503.0,1.0,4.0,1.0,71.0
702071504.0,1.0,3.0,1.0,48.0
702071505.0,2.0,4.0,2.0,38.0
702071506.0,2.0,4.0,2.0,38.0
702071507.0,2.0,4.0,2.0,26.0
702071508.0,3.0,2.0,1.0,21.0
702071509.0,1.0,4.0,1.0,40.0
702071510.0,2.0,3.0,1.0,34.0
702071511.0,1.0,4.0,2.0,40.0
702071512.0,2.0,3.0,2.0,21.0
702071513.0,2.0,4.0,2.0,66.0
702071514.0,3.0,4.0,2.0,46.0
702071515.0,1.0,4.0,2.0,65.0
702071516.0,2.0,4.0,1.0,24.0
702071517.0,1.0,4.0,2.0,67.0
702071518.0,3.0,2.0,2.0,60.0
702071519.0,2.0,3.0,2.0,28.0
702071520.0,2.0,3.0,2.0,31.0
702071521.0,2.0,4.0,2.0,60.0
702071522.0,2.0,3.0,1.0,62.0
702071523.0,2.0,4.0,1.0,21.0
702071524.0,2.0,4.0,1.0,52.0
702071525.0,1.0,4.0,1.0,47.0
702071526.0,1.0,4.0,2.0,45.0
702071527.0,3.0,3.0,2.0,61.0
702071528.0,1.0,4.0,2.0,30.0
702071529.0,2.0,3.0,1.0,36.0
702071530.0,1.0,4.0,1.0,34.0
702071531.0,2.0,4.0,1.0,48.0
702071532.0,2.0,3.0,2.0,40.0
702071533.0,3.0,4.0,2.0,40.0
702071534.0,2.0,4.0,2.0,50.0
702071535.0,1.0,4.0,1.0,43.0
702071536.0,2.0,2.0,2.0,25.0
702071537.0,1.0,4.0,2.0,40.0
702071538.0,2.0,4.0,2.0,54.0
702071539.0,1.0,4.0,1.0,31.0
702071540.0,1.0,4.0,1.0,27.0
702071541.0,1.0,3.0,1.0,27.0
702071542.0,2.0,4.0,1.0,41.0
702071543.0,4.0,4.0,2.0,56.0
702071544.0,3.0,4.0,2.0,47.0
702071545.0,1.0,4.0,1.0,69.0
702071546.0,2.0,4.0,1.0,68.0
702071547.0,1.0,4.0,1.0,52.0
702071548.0,2.0,4.0,2.0,39.0
702071549.0,2.0,4.0,1.0,77.0
702071550.0,2.0,3.0,2.0,21.0
702071551.0,1.0,4.0,1.0,30.0
702071552.0,1.0,4.0,2.0,33.0
702071553.0,2.0,2.0,1.0,55.0
702071554.0,2.0,4.0,2.0,68.0
702071555.0,2.0,4.0,1.0,50.0
702071556.0,2.0,3.0,2.0,32.0
702071557.0,2.0,4.0,2.0,38.0
702071558.0,1.0,4.0,1.0,61.0
702071559.0,2.0,3.0,2.0,61.0
702071560.0,2.0,3.0,2.0,39.0
702071561.0,1.0,4.0,2.0,49.0
702071562.0,1.0,4.0,1.0,39.0
702071563.0,1.0,4.0,2.0,21.0
702071564.0,1.0,4.0,1.0,56.0
702071565.0,2.0,2.0,1.0,43.0
702071566.0,1.0,4.0,2.0,24.0
702071567.0,3.0,4.0,1.0,59.0
702071568.0,2.0,4.0,1.0,58.0
702071569.0,2.0,4.0,1.0,25.0
702071570.0,1.0,4.0,1.0,67.0
702071571.0,3.0,4.0,2.0,72.0
702071572.0,1.0,4.0,1.0,82.0
702071573.0,1.0,4.0,1.0,60.0
702071574.0,1.0,4.0,1.0,27.0
702071575.0,1.0,4.0,1.0,25.0
702071576.0,1.0,4.0,1.0,27.0
702071577.0,3.0,4.0,2.0,56.0
702071578.0,1.0,4.0,2.0,55.0
702071579.0,1.0,4.0,1.0,47.0
702071580.0,2.0,3.0,1.0,65.0
702071581.0,1.0,4.0,2.0,52.0
702071582.0,2.0,4.0,1.0,44.0
702071583.0,2.0,2.0,2.0,62.0
702071584.0,1.0,4.0,2.0,42.0
702071585.0,1.0,3.0,2.0,52.0
702071586.0,2.0,3.0,1.0,23.0
702071587.0,1.0,4.0,2.0,39.0
702071588.0,2.0,3.0,2.0,38.0
702071589.0,2.0,3.0,1.0,27.0
702071590.0,2.0,4.0,1.0,27.0
702071591.0,1.0,2.0,2.0,26.0
702071592.0,2.0,4.0,1.0,23.0
702071593.0,1.0,3.0,1.0,65.0
702071594.0,2.0,3.0,2.0,39.0
702071595.0,3.0,3.0,2.0,49.0
702071596.0,3.0,3.0,2.0,24.0
702071597.0,3.0,3.0,1.0,24.0
702071598.0,2.0,3.0,2.0,29.0
702071599.0,2.0,-2.0,2.0,31.0
702071600.0,1.0,3.0,2.0,67.0
702071601.0,3.0,3.0,1.0,39.0
702071602.0,1.0,3.0,2.0,51.0
702071603.0,2.0,4.0,1.0,22.0
702071604.0,2.0,3.0,1.0,21.0
702071605.0,1.0,4.0,2.0,31.0
702071606.0,2.0,3.0,1.0,26.0
702071607.0,2.0,3.0,1.0,21.0
702071608.0,3.0,4.0,1.0,31.0
702071609.0,1.0,4.0,1.0,24.0
702071610.0,1.0,4.0,2.0,23.0
702071611.0,1.0,4.0,1.0,46.0
702071612.0,1.0,4.0,1.0,61.0
702071613.0,2.0,4.0,2.0,37.0
702071614.0,1.0,4.0,1.0,48.0
702071615.0,2.0,4.0,2.0,38.0
702071616.0,1.0,4.0,2.0,32.0
702071617.0,2.0,4.0,1.0,71.0
702071618.0,2.0,3.0,2.0,21.0
702071619.0,1.0,3.0,2.0,24.0
702071620.0,2.0,3.0,2.0,37.0
702071621.0,1.0,4.0,1.0,22.0
702071622.0,3.0,3.0,2.0,36.0
702071623.0,2.0,4.0,2.0,26.0
702071624.0,1.0,4.0,2.0,60.0
702071625.0,2.0,2.0,1.0,28.0
702071626.0,2.0,3.0,1.0,55.0
702071627.0,2.0,4.0,2.0,26.0
702071628.0,1.0,3.0,2.0,72.0
702071629.0,3.0,4.0,2.0,44.0
702071630.0,2.0,3.0,1.0,26.0
702071631.0,1.0,3.0,2.0,29.0
702071632.0,2.0,3.0,1.0,28.0
702071633.0,2.0,3.0,1.0,52.0
702071634.0,3.0,3.0,2.0,38.0
702071635.0,2.0,4.0,1.0,22.0
702071636.0,2.0,4.0,1.0,23.0
702071637.0,2.0,2.0,1.0,21.0
702071638.0,2.0,3.0,2.0,22.0
702071639.0,2.0,3.0,1.0,22.0
702071640.0,2.0,3.0,1.0,27.0
702071641.0,2.0,3.0,2.0,21.0
702071642.0,2.0,3.0,2.0,52.0
702071643.0,2.0,3.0,2.0,23.0
702071644.0,2.0,4.0,2.0,26.0
702071645.0,2.0,4.0,1.0,26.0
702071646.0,3.0,4.0,2.0,34.0
702071647.0,3.0,3.0,1.0,22.0
702071648.0,2.0,4.0,1.0,22.0
702071649.0,3.0,3.0,1.0,67.0
702071650.0,1.0,4.0,1.0,54.0
702071651.0,2.0,4.0,2.0,40.0
702071652.0,1.0,2.0,1.0,26.0
702071653.0,1.0,4.0,1.0,63.0
702071654.0,1.0,4.0,1.0,37.0
702071655.0,1.0,3.0,1.0,26.0
702071656.0,1.0,3.0,1.0,42.0
702071657.0,1.0,3.0,2.0,35.0
702071658.0,1.0,4.0,2.0,45.0
702071659.0,2.0,3.0,1.0,22.0
702071660.0,2.0,3.0,2.0,41.0
702071661.0,2.0,3.0,2.0,66.0
702071662.0,1.0,4.0,2.0,64.0
702071663.0,2.0,4.0,2.0,43.0
702071664.0,2.0,4.0,2.0,29.0
702071665.0,2.0,4.0,2.0,64.0
702071666.0,1.0,3.0,2.0,21.0
702071667.0,1.0,4.0,2.0,23.0
702071668.0,2.0,3.0,2.0,28.0
702071669.0,1.0,4.0,1.0,22.0
702071670.0,2.0,3.0,2.0,61.0
702071671.0,1.0,4.0,1.0,47.0
702071672.0,2.0,3.0,2.0,57.0
702071673.0,2.0,3.0,1.0,62.0
702071674.0,3.0,4.0,1.0,65.0
702071675.0,2.0,4.0,2.0,63.0
702071676.0,1.0,4.0,2.0,54.0
702071677.0,2.0,4.0,2.0,64.0
702071678.0,3.0,3.0,2.0,33.0
702071679.0,1.0,4.0,1.0,45.0
702071680.0,2.0,-2.0,2.0,26.0
702071681.0,2.0,3.0,2.0,60.0
702071682.0,2.0,3.0,2.0,55.0
702071683.0,2.0,4.0,2.0,27.0
702071684.0,2.0,3.0,2.0,22.0
702071685.0,3.0,3.0,2.0,57.0
702071686.0,2.0,4.0,1.0,68.0
702071687.0,2.0,4.0,2.0,56.0
702071688.0,1.0,3.0,2.0,57.0
702071689.0,1.0,4.0,2.0,61.0
702071690.0,1.0,4.0,1.0,67.0
702071691.0,1.0,4.0,2.0,22.0
702071692.0,2.0,4.0,2.0,42.0
702071693.0,1.0,4.0,2.0,47.0
702071694.0,1.0,4.0,2.0,56.0
702071695.0,1.0,4.0,2.0,52.0
702071696.0,2.0,4.0,1.0,78.0
702071697.0,1.0,4.0,1.0,31.0
702071698.0,2.0,2.0,2.0,54.0
702071699.0,2.0,3.0,2.0,28.0
702071700.0,2.0,4.0,2.0,56.0
702071701.0,1.0,4.0,1.0,32.0
702071702.0,4.0,4.0,1.0,32.0
702071703.0,1.0,3.0,2.0,57.0
702071704.0,3.0,4.0,2.0,62.0
702071705.0,1.0,4.0,2.0,52.0
702071706.0,2.0,4.0,2.0,25.0
702071707.0,1.0,4.0,2.0,38.0
702071708.0,2.0,4.0,1.0,21.0
702071709.0,2.0,3.0,2.0,42.0
702071710.0,2.0,2.0,2.0,44.0
702071711.0,2.0,4.0,2.0,40.0
702071712.0,2.0,4.0,2.0,50.0
702071713.0,3.0,4.0,2.0,46.0
702071714.0,2.0,4.0,1.0,46.0
702071715.0,1.0,4.0,1.0,41.0
702071716.0,2.0,3.0,2.0,35.0
702071717.0,2.0,3.0,2.0,39.0
702071718.0,2.0,4.0,2.0,52.0
702071719.0,2.0,4.0,1.0,31.0
702071720.0,3.0,4.0,2.0,36.0
702071721.0,3.0,4.0,2.0,69.0
702071722.0,2.0,4.0,2.0,55.0
702071723.0,2.0,4.0,1.0,72.0
702071724.0,2.0,4.0,2.0,64.0
702071725.0,2.0,4.0,2.0,32.0
702071726.0,2.0,4.0,2.0,49.0
702071727.0,3.0,4.0,2.0,45.0
702071728.0,2.0,4.0,2.0,63.0
702071729.0,1.0,4.0,2.0,48.0
702071730.0,2.0,4.0,1.0,59.0
702071731.0,2.0,3.0,2.0,60.0
702071732.0,2.0,4.0,2.0,52.0
702071733.0,1.0,4.0,2.0,41.0
702071734.0,2.0,3.0,2.0,45.0
702071735.0,2.0,3.0,2.0,43.0
702071736.0,2.0,4.0,2.0,48.0
702071737.0,2.0,4.0,2.0,41.0
702071738.0,2.0,4.0,1.0,58.0
702071739.0,2.0,3.0,1.0,52.0
702071740.0,1.0,4.0,1.0,57.0
702071741.0,2.0,4.0,2.0,47.0
702071742.0,3.0,3.0,2.0,21.0
702071743.0,1.0,4.0,2.0,55.0
702071744.0,2.0,4.0,1.0,55.0
702071745.0,1.0,4.0,1.0,21.0
702071746.0,2.0,4.0,2.0,21.0
702071747.0,2.0,4.0,1.0,79.0
702071748.0,1.0,4.0,1.0,53.0
702071749.0,2.0,3.0,1.0,41.0
702071750.0,4.0,4.0,2.0,42.0
702071751.0,2.0,4.0,2.0,43.0
702071752.0,2.0,4.0,1.0,53.0
702071753.0,2.0,3.0,2.0,54.0
702071754.0,2.0,3.0,1.0,54.0
702071755.0,2.0,3.0,1.0,53.0
702071756.0,3.0,1.0,2.0,40.0
702071757.0,2.0,4.0,1.0,26.0
702071758.0,2.0,4.0,1.0,26.0
702071759.0,2.0,3.0,2.0,42.0
702071760.0,2.0,3.0,2.0,62.0
702071761.0,2.0,3.0,2.0,45.0
702071762.0,2.0,4.0,2.0,30.0
702071763.0,2.0,3.0,2.0,21.0
702071764.0,2.0,4.0,2.0,21.0
702071765.0,2.0,3.0,2.0,70.0
702071766.0,2.0,3.0,2.0,48.0
702071767.0,2.0,4.0,1.0,64.0
702071768.0,1.0,4.0,1.0,54.0
702071769.0,2.0,4.0,2.0,61.0
702071770.0,2.0,4.0,1.0,28.0
702071771.0,-2.0,-2.0,1.0,51.0
702071772.0,1.0,4.0,1.0,30.0
702071773.0,1.0,4.0,1.0,26.0
702071774.0,1.0,4.0,1.0,26.0
702071775.0,1.0,4.0,1.0,30.0
702071776.0,1.0,4.0,1.0,32.0
702071777.0,2.0,4.0,1.0,32.0
702071778.0,2.0,4.0,2.0,30.0
702071779.0,1.0,4.0,2.0,31.0
702071780.0,1.0,4.0,2.0,51.0
702071781.0,2.0,-2.0,2.0,64.0
702071782.0,2.0,4.0,2.0,41.0
702071783.0,2.0,4.0,2.0,42.0
702071784.0,2.0,2.0,2.0,39.0
702071785.0,2.0,4.0,2.0,40.0
702071786.0,2.0,1.0,2.0,23.0
702071787.0,1.0,4.0,2.0,69.0
702071788.0,2.0,4.0,1.0,37.0
702071789.0,2.0,4.0,2.0,53.0
702071790.0,2.0,4.0,1.0,71.0
702071791.0,2.0,4.0,2.0,87.0
702071792.0,2.0,4.0,2.0,67.0
702071793.0,1.0,4.0,2.0,61.0
702071794.0,1.0,4.0,2.0,60.0
702071795.0,1.0,4.0,1.0,34.0
702071796.0,1.0,4.0,1.0,66.0
702071797.0,1.0,4.0,1.0,45.0
702071798.0,1.0,4.0,2.0,30.0
702071799.0,1.0,4.0,1.0,77.0
702071800.0,1.0,4.0,1.0,46.0
702071801.0,1.0,4.0,1.0,62.0
702071802.0,1.0,4.0,2.0,75.0
702071803.0,1.0,4.0,2.0,33.0
702071804.0,1.0,4.0,2.0,35.0
702071805.0,1.0,4.0,2.0,52.0
702071806.0,1.0,4.0,1.0,24.0
702071807.0,1.0,4.0,1.0,60.0
702071808.0,1.0,4.0,2.0,46.0
702071809.0,1.0,3.0,2.0,48.0
702071810.0,1.0,4.0,2.0,74.0
702071811.0,2.0,4.0,1.0,59.0
702071812.0,2.0,4.0,2.0,58.0
702071813.0,2.0,4.0,1.0,42.0
702071814.0,2.0,4.0,2.0,83.0
702071815.0,2.0,4.0,2.0,60.0
702071816.0,2.0,4.0,1.0,29.0
702071817.0,2.0,4.0,2.0,46.0
702071818.0,2.0,4.0,2.0,52.0
702071819.0,3.0,4.0,1.0,62.0
702071820.0,2.0,4.0,2.0,67.0
702071821.0,2.0,4.0,2.0,69.0
702071822.0,1.0,4.0,1.0,72.0
702071823.0,3.0,3.0,1.0,59.0
702071824.0,1.0,4.0,1.0,77.0
702071825.0,1.0,4.0,2.0,40.0
702071826.0,2.0,4.0,1.0,48.0
702071827.0,2.0,4.0,2.0,63.0
702071828.0,2.0,4.0,1.0,70.0
702071829.0,1.0,4.0,2.0,74.0
702071830.0,2.0,4.0,2.0,56.0
702071831.0,1.0,4.0,2.0,67.0
702071832.0,2.0,4.0,2.0,63.0
702071833.0,1.0,4.0,2.0,51.0
702071834.0,1.0,4.0,1.0,29.0
702071835.0,2.0,3.0,2.0,25.0
702071836.0,1.0,4.0,2.0,23.0
702071837.0,1.0,4.0,1.0,43.0
702071838.0,2.0,3.0,2.0,58.0
702071839.0,2.0,4.0,2.0,41.0
702071840.0,2.0,4.0,2.0,74.0
702071841.0,2.0,4.0,1.0,61.0
702071842.0,3.0,4.0,2.0,47.0
702071843.0,2.0,4.0,2.0,75.0
702071844.0,2.0,4.0,2.0,71.0
702071845.0,2.0,4.0,2.0,57.0
702071846.0,2.0,3.0,2.0,62.0
702071847.0,2.0,4.0,2.0,69.0
702071848.0,2.0,3.0,1.0,75.0
702071849.0,2.0,4.0,1.0,70.0
702071850.0,2.0,4.0,2.0,71.0
702071851.0,3.0,3.0,2.0,56.0
702071852.0,2.0,4.0,2.0,70.0
702071853.0,2.0,4.0,1.0,45.0
702071854.0,2.0,3.0,2.0,37.0
702071855.0,1.0,4.0,2.0,45.0
702071856.0,1.0,4.0,2.0,53.0
702071857.0,1.0,4.0,2.0,69.0
702071858.0,2.0,4.0,2.0,65.0
702071859.0,1.0,4.0,2.0,70.0
702071860.0,1.0,4.0,2.0,35.0
702071861.0,2.0,4.0,2.0,32.0
702071862.0,1.0,4.0,1.0,28.0
702071863.0,1.0,3.0,2.0,29.0
702071864.0,3.0,2.0,2.0,26.0
702071865.0,2.0,4.0,1.0,29.0
702071866.0,2.0,4.0,2.0,25.0
702071867.0,2.0,4.0,1.0,26.0
702071868.0,3.0,4.0,2.0,61.0
702071869.0,2.0,3.0,2.0,48.0
702071870.0,2.0,3.0,1.0,28.0
702071871.0,2.0,3.0,1.0,21.0
702071872.0,1.0,4.0,1.0,69.0
702071873.0,3.0,4.0,2.0,41.0
702071874.0,2.0,3.0,1.0,57.0
702071875.0,2.0,4.0,2.0,66.0
702071876.0,2.0,3.0,2.0,49.0
702071877.0,2.0,4.0,2.0,48.0
702071878.0,2.0,3.0,2.0,63.0
702071879.0,3.0,4.0,1.0,33.0
702071880.0,2.0,4.0,2.0,57.0
702071881.0,2.0,4.0,2.0,52.0
702071882.0,2.0,4.0,2.0,59.0
702071883.0,2.0,4.0,1.0,46.0
702071884.0,3.0,4.0,2.0,55.0
702071885.0,3.0,3.0,2.0,56.0
702071886.0,1.0,4.0,2.0,27.0
702071887.0,4.0,2.0,2.0,43.0
702071888.0,2.0,3.0,2.0,55.0
702071889.0,2.0,3.0,1.0,22.0
702071890.0,2.0,3.0,2.0,73.0
702071891.0,1.0,4.0,2.0,59.0
702071892.0,2.0,4.0,2.0,72.0
702071893.0,2.0,4.0,1.0,25.0
702071894.0,2.0,4.0,2.0,36.0
702071895.0,2.0,4.0,2.0,31.0
702071896.0,2.0,4.0,2.0,66.0
702071897.0,3.0,4.0,2.0,66.0
702071898.0,1.0,4.0,2.0,71.0
702071899.0,2.0,4.0,2.0,59.0
702071900.0,2.0,3.0,1.0,63.0
702071901.0,2.0,3.0,1.0,58.0
702071902.0,2.0,4.0,1.0,77.0
702071903.0,2.0,3.0,1.0,57.0
702071904.0,2.0,4.0,2.0,28.0
702071905.0,2.0,3.0,2.0,55.0
702071906.0,1.0,3.0,2.0,62.0
702071907.0,2.0,3.0,1.0,66.0
702071908.0,2.0,4.0,2.0,39.0
702071909.0,3.0,4.0,2.0,31.0
702071910.0,3.0,4.0,2.0,63.0
702071911.0,2.0,-2.0,2.0,62.0
702071912.0,1.0,4.0,2.0,59.0
702071913.0,2.0,4.0,1.0,51.0
702071914.0,1.0,4.0,1.0,84.0
702071915.0,3.0,4.0,2.0,63.0
702071916.0,2.0,3.0,1.0,56.0
702071917.0,2.0,1.0,2.0,61.0
702071918.0,2.0,3.0,2.0,58.0
702071919.0,3.0,4.0,2.0,60.0
702071920.0,2.0,4.0,2.0,46.0
702071921.0,2.0,3.0,2.0,56.0
702071922.0,3.0,3.0,1.0,46.0
702071923.0,1.0,3.0,2.0,55.0
702071924.0,2.0,4.0,1.0,37.0
702071925.0,2.0,4.0,1.0,72.0
702071926.0,2.0,4.0,1.0,60.0
702071927.0,2.0,3.0,1.0,55.0
702071928.0,2.0,4.0,1.0,63.0
702071929.0,2.0,3.0,1.0,62.0
702071930.0,1.0,4.0,1.0,60.0
702071931.0,1.0,4.0,1.0,30.0
702071932.0,1.0,3.0,1.0,89.0
702071933.0,1.0,4.0,2.0,55.0
702071934.0,1.0,4.0,2.0,64.0
702071935.0,1.0,4.0,1.0,27.0
702071936.0,2.0,4.0,2.0,65.0
702071937.0,1.0,4.0,1.0,25.0
702071938.0,1.0,4.0,2.0,53.0
702071939.0,1.0,4.0,2.0,28.0
702071940.0,1.0,4.0,1.0,68.0
702071941.0,2.0,4.0,2.0,71.0
702071942.0,3.0,4.0,2.0,50.0
702071943.0,2.0,2.0,2.0,54.0
702071944.0,2.0,3.0,2.0,83.0
702071945.0,2.0,4.0,2.0,71.0
702071946.0,2.0,4.0,2.0,57.0
702071947.0,2.0,3.0,2.0,31.0
702071948.0,2.0,4.0,2.0,35.0
702071949.0,2.0,4.0,1.0,67.0
702071950.0,2.0,3.0,2.0,35.0
702071951.0,1.0,3.0,1.0,41.0
702071952.0,2.0,4.0,2.0,24.0
702071953.0,2.0,4.0,2.0,58.0
702071954.0,2.0,4.0,1.0,56.0
702071955.0,2.0,4.0,2.0,29.0
702071956.0,2.0,4.0,1.0,27.0
702071957.0,2.0,4.0,2.0,68.0
702071958.0,1.0,2.0,2.0,49.0
702071959.0,2.0,4.0,2.0,45.0
702071960.0,1.0,4.0,2.0,27.0
702071961.0,1.0,4.0,2.0,55.0
702071962.0,1.0,4.0,1.0,23.0
702071963.0,1.0,4.0,2.0,21.0
702071964.0,2.0,4.0,1.0,28.0
702071965.0,1.0,4.0,2.0,31.0
702071966.0,1.0,4.0,1.0,28.0
702071967.0,1.0,4.0,1.0,30.0
702071968.0,2.0,4.0,1.0,56.0
702071969.0,1.0,4.0,2.0,66.0
702071970.0,1.0,4.0,2.0,33.0
702071971.0,2.0,4.0,2.0,63.0
702071972.0,1.0,4.0,2.0,36.0
702071973.0,1.0,4.0,2.0,36.0
702071974.0,2.0,4.0,1.0,65.0
702071975.0,2.0,4.0,1.0,56.0
702071976.0,2.0,4.0,2.0,72.0
702071977.0,1.0,4.0,1.0,55.0
702071978.0,1.0,4.0,2.0,76.0
702071979.0,1.0,4.0,1.0,69.0
702071980.0,1.0,4.0,2.0,64.0
702071981.0,1.0,4.0,1.0,66.0
702071982.0,1.0,3.0,2.0,44.0
702071983.0,2.0,3.0,1.0,70.0
702071984.0,1.0,4.0,1.0,43.0
702071985.0,1.0,4.0,1.0,48.0
702071986.0,1.0,4.0,1.0,48.0
702071987.0,1.0,4.0,1.0,53.0
702071988.0,1.0,4.0,1.0,51.0
702071989.0,1.0,4.0,1.0,46.0
702071990.0,1.0,4.0,2.0,24.0
702071991.0,1.0,4.0,2.0,25.0
702071992.0,1.0,4.0,2.0,23.0
702071993.0,1.0,4.0,1.0,27.0
702071994.0,1.0,4.0,2.0,27.0
702071995.0,1.0,4.0,1.0,47.0
702071996.0,1.0,4.0,2.0,29.0
702071997.0,1.0,4.0,1.0,76.0
702071998.0,2.0,4.0,1.0,59.0
702071999.0,2.0,4.0,1.0,58.0
702072000.0,2.0,4.0,1.0,80.0
702072001.0,2.0,4.0,2.0,41.0
702072002.0,1.0,4.0,2.0,79.0
702072003.0,2.0,4.0,1.0,44.0
702072004.0,1.0,2.0,2.0,36.0
702072005.0,1.0,4.0,1.0,38.0
702072006.0,2.0,3.0,1.0,58.0
702072007.0,2.0,4.0,1.0,50.0
702072008.0,1.0,4.0,1.0,44.0
702072009.0,2.0,3.0,1.0,39.0
702072010.0,2.0,4.0,1.0,56.0
702072011.0,3.0,4.0,1.0,44.0
702072012.0,2.0,3.0,1.0,51.0
